{
	"parent": "item/generated",
	"textures": {
		"layer0": "item/totem_of_undying"
	},
	
	"overrides": [
		{
			"predicate": { "custom_model_data": 1 },
			"model": "totems/1"
		},
		{
			"predicate": { "custom_model_data": 2 },
			"model": "totems/2"
                },
		{
			"predicate": { "custom_model_data": 3 },
			"model": "totems/3"
                },
		{
			"predicate": { "custom_model_data": 4 },
			"model": "totems/4"
                },
		{
			"predicate": { "custom_model_data": 5 },
			"model": "totems/5"
		}
	]
}