[
  {
    "uuid": "bd0c6935-e484-439a-a12e-9486e790a692",
    "name": "SheLanza",
    "lives": 3,
    "team": {
      "id": "00000000-0000-0000-0000-000000000000",
      "lifeSetting": "SHARE",
      "rewardSetting": "ALL",
      "players": [
        {
          "uuid": "bd0c6935-e484-439a-a12e-9486e790a692",
          "owner": true,
          "inTeam": true,
          "name": "SheLanza"
        }
      ],
      "reputations": [],
      "questDataList": [],
      "invites": []
    },
    "playedLore": false,
    "receivedBook": false,
    "groupData": {}
  }
]