{"stats":{"minecraft:crafted":{"minecraft:oak_planks":64,"minecraft:crafting_table":1,"minecraft:stick":12,"minecraft:wooden_pickaxe":1,"minecraft:stone_pickaxe":1,"minecraft:wooden_axe":1,"minecraft:furnace":1,"minecraft:stone_axe":1,"minecraft:cooked_mutton":11},"minecraft:dropped":{"minecraft:cooked_porkchop":5,"minecraft:rotten_flesh":1},"minecraft:picked_up":{"minecraft:crafting_table":1,"minecraft:cooked_porkchop":16,"minecraft:oak_log":16,"minecraft:dirt":17,"minecraft:spider_eye":1,"minecraft:cornflower":1,"minecraft:string":1,"minecraft:rotten_flesh":5,"minecraft:wheat_seeds":1,"minecraft:gray_wool":1,"minecraft:light_gray_wool":1,"minecraft:mutton":11,"minecraft:oak_planks":36,"minecraft:coal":32,"minecraft:white_wool":7,"minecraft:cobblestone":52},"minecraft:mined":{"minecraft:crafting_table":1,"minecraft:grass":9,"minecraft:grass_block":2,"minecraft:coal_ore":32,"minecraft:oak_log":10,"minecraft:dirt":15,"minecraft:cobblestone":1,"minecraft:stone":51,"minecraft:oak_leaves":4},"minecraft:custom":{"minecraft:time_since_rest":35631,"minecraft:interact_with_furnace":4,"minecraft:sprint_one_cm":23277,"minecraft:damage_taken":545,"minecraft:walk_one_cm":129324,"minecraft:mob_kills":12,"minecraft:drop":6,"minecraft:damage_dealt":904,"minecraft:interact_with_crafting_table":4,"minecraft:fly_one_cm":31907,"minecraft:play_one_minute":49196,"minecraft:crouch_one_cm":421,"minecraft:deaths":1,"minecraft:sneak_time":82,"minecraft:jump":270,"minecraft:leave_game":3,"minecraft:time_since_death":35312,"minecraft:fall_one_cm":8027},"minecraft:killed_by":{"minecraft:skeleton":1},"minecraft:used":{"minecraft:wooden_axe":23,"minecraft:stone_pickaxe":57,"minecraft:wooden_pickaxe":27,"minecraft:rotten_flesh":1,"minecraft:stone_axe":2,"minecraft:cobblestone":11,"minecraft:crafting_table":2,"minecraft:furnace":1,"minecraft:cooked_porkchop":3},"minecraft:killed":{"minecraft:sheep":9,"minecraft:zombie":2,"minecraft:spider":1}},"DataVersion":2586}