{"stats":{"minecraft:crafted":{"minecraft:oak_planks":160,"minecraft:crafting_table":1,"minecraft:iron_pickaxe":1,"minecraft:stick":12,"minecraft:iron_ingot":4,"minecraft:wooden_pickaxe":1,"minecraft:stone_pickaxe":1,"minecraft:wooden_axe":1,"minecraft:chest":2,"minecraft:furnace":2,"minecraft:stone_axe":1,"minecraft:cooked_mutton":11},"minecraft:dropped":{"minecraft:cooked_porkchop":10,"minecraft:rotten_flesh":1},"minecraft:picked_up":{"minecraft:crafting_table":3,"minecraft:cooked_porkchop":16,"minecraft:oak_log":40,"minecraft:dirt":33,"minecraft:spider_eye":1,"minecraft:cornflower":1,"minecraft:string":2,"minecraft:rotten_flesh":5,"minecraft:wheat_seeds":1,"minecraft:iron_ingot":1,"minecraft:granite":9,"minecraft:iron_ore":51,"minecraft:gray_wool":1,"minecraft:light_gray_wool":1,"minecraft:mutton":11,"minecraft:oak_planks":36,"minecraft:coal":67,"minecraft:white_wool":7,"minecraft:cobblestone":133,"minecraft:furnace":1},"minecraft:mined":{"minecraft:furnace":1,"minecraft:iron_ore":40,"minecraft:granite":9,"minecraft:crafting_table":3,"minecraft:grass":9,"minecraft:grass_block":2,"minecraft:coal_ore":50,"minecraft:oak_log":10,"minecraft:dirt":31,"minecraft:cobblestone":3,"minecraft:stone":131,"minecraft:oak_leaves":4},"minecraft:broken":{"minecraft:stone_pickaxe":1},"minecraft:custom":{"minecraft:time_since_rest":59631,"minecraft:interact_with_furnace":8,"minecraft:sprint_one_cm":23728,"minecraft:damage_taken":545,"minecraft:walk_one_cm":158474,"minecraft:mob_kills":13,"minecraft:drop":11,"minecraft:damage_dealt":1018,"minecraft:interact_with_crafting_table":8,"minecraft:fly_one_cm":31907,"minecraft:open_chest":1,"minecraft:play_one_minute":73196,"minecraft:crouch_one_cm":421,"minecraft:deaths":1,"minecraft:sneak_time":82,"minecraft:jump":282,"minecraft:leave_game":3,"minecraft:time_since_death":59312,"minecraft:fall_one_cm":8027},"minecraft:killed_by":{"minecraft:skeleton":1},"minecraft:used":{"minecraft:wooden_axe":23,"minecraft:stone_pickaxe":131,"minecraft:iron_pickaxe":82,"minecraft:chest":2,"minecraft:wooden_pickaxe":27,"minecraft:rotten_flesh":1,"minecraft:stone_axe":16,"minecraft:cobblestone":33,"minecraft:crafting_table":3,"minecraft:furnace":2,"minecraft:cooked_porkchop":4},"minecraft:killed":{"minecraft:sheep":9,"minecraft:zombie":2,"minecraft:spider":2}},"DataVersion":2586}