{"stats":{"minecraft:killed_by":{"minecraft:skeleton":1},"minecraft:picked_up":{"minecraft:crafting_table":9,"minecraft:feather":4,"minecraft:chicken":10,"minecraft:andesite":67,"minecraft:stone_slab":18,"minecraft:oak_log":41,"minecraft:oak_trapdoor":3,"minecraft:cornflower":1,"minecraft:string":3,"minecraft:dirt":63,"minecraft:wheat_seeds":2,"minecraft:bucket":1,"minecraft:iron_ingot":12,"minecraft:iron_ore":124,"minecraft:diamond_helmet":2,"minecraft:light_gray_wool":2,"minecraft:oak_planks":68,"minecraft:furnace":8,"minecraft:milk_bucket":1,"minecraft:cooked_porkchop":16,"minecraft:torch":3,"minecraft:gravel":3,"minecraft:porkchop":10,"minecraft:diorite":40,"minecraft:white_bed":3,"minecraft:gold_ore":8,"minecraft:spider_eye":1,"minecraft:arrow":1,"minecraft:rotten_flesh":7,"minecraft:diamond_chestplate":1,"minecraft:diamond":81,"minecraft:diamond_boots":2,"minecraft:granite":57,"minecraft:gray_wool":1,"minecraft:mutton":11,"minecraft:coal":299,"minecraft:white_wool":7,"minecraft:cobblestone":993},"minecraft:custom":{"minecraft:interact_with_furnace":48,"minecraft:mob_kills":35,"minecraft:interact_with_crafting_table":41,"minecraft:play_one_minute":234532,"minecraft:leave_game":7,"minecraft:time_since_death":220648,"minecraft:time_since_rest":220967,"minecraft:sprint_one_cm":119215,"minecraft:damage_taken":730,"minecraft:walk_one_cm":527034,"minecraft:drop":60,"minecraft:damage_dealt":3499,"minecraft:fly_one_cm":146032,"minecraft:open_chest":62,"minecraft:crouch_one_cm":14880,"minecraft:sneak_time":4544,"minecraft:deaths":1,"minecraft:jump":1247,"minecraft:fall_one_cm":19810},"minecraft:used":{"minecraft:oak_trapdoor":7,"minecraft:cooked_mutton":5,"minecraft:water_bucket":5,"minecraft:stone_pickaxe":131,"minecraft:wooden_pickaxe":28,"minecraft:chest":2,"minecraft:shield":15,"minecraft:stone":3,"minecraft:rotten_flesh":1,"minecraft:torch":5,"minecraft:dirt":66,"minecraft:crafting_table":9,"minecraft:white_bed":2,"minecraft:lava_bucket":6,"minecraft:wooden_axe":23,"minecraft:diamond_pickaxe":7,"minecraft:iron_axe":15,"minecraft:iron_pickaxe":1520,"minecraft:stone_slab":21,"minecraft:stone_axe":61,"minecraft:cobblestone":145,"minecraft:furnace":10,"minecraft:cooked_porkchop":4,"minecraft:bucket":12},"minecraft:broken":{"minecraft:stone_pickaxe":1,"minecraft:iron_pickaxe":6},"minecraft:dropped":{"minecraft:gravel":3,"minecraft:stone_axe":1,"minecraft:wheat_seeds":2,"minecraft:cooked_porkchop":10,"minecraft:diamond_leggings":2,"minecraft:cobblestone":329,"minecraft:rotten_flesh":11,"minecraft:light_gray_wool":2,"minecraft:granite":57,"minecraft:stone_slab":3,"minecraft:poppy":2,"minecraft:dirt":1,"minecraft:gray_wool":1,"minecraft:stone":4,"minecraft:milk_bucket":1,"minecraft:diorite":40,"minecraft:diamond_chestplate":3,"minecraft:cornflower":1,"minecraft:andesite":81,"minecraft:wooden_axe":1,"minecraft:diamond_helmet":4,"minecraft:spider_eye":1,"minecraft:diamond_boots":3,"minecraft:wooden_pickaxe":1,"minecraft:white_wool":1,"minecraft:egg":1,"minecraft:bone":1},"minecraft:killed":{"minecraft:pig":4,"minecraft:spider":4,"minecraft:sheep":9,"minecraft:skeleton":1,"minecraft:zombie":7,"minecraft:chicken":10},"minecraft:crafted":{"minecraft:oak_planks":164,"minecraft:cooked_porkchop":10,"minecraft:crafting_table":1,"minecraft:wooden_pickaxe":1,"minecraft:cooked_chicken":10,"minecraft:furnace":2,"minecraft:stone":10,"minecraft:bucket":1,"minecraft:stone_axe":1,"minecraft:cooked_mutton":11,"minecraft:oak_trapdoor":4,"minecraft:bow":1,"minecraft:diamond_helmet":2,"minecraft:diamond_leggings":2,"minecraft:diamond_pickaxe":1,"minecraft:shield":2,"minecraft:iron_axe":1,"minecraft:stick":28,"minecraft:stone_slab":6,"minecraft:iron_ingot":113,"minecraft:iron_pickaxe":7,"minecraft:stone_pickaxe":1,"minecraft:wooden_axe":1,"minecraft:chest":2,"minecraft:diamond_boots":2,"minecraft:torch":4,"minecraft:diamond_chestplate":2},"minecraft:mined":{"minecraft:diamond_ore":86,"minecraft:white_bed":3,"minecraft:crafting_table":9,"minecraft:granite":57,"minecraft:grass_block":11,"minecraft:stone_slab":13,"minecraft:cobblestone":22,"minecraft:diorite":40,"minecraft:wall_torch":3,"minecraft:redstone_ore":1,"minecraft:oak_trapdoor":4,"minecraft:furnace":8,"minecraft:iron_ore":113,"minecraft:andesite":78,"minecraft:grass":17,"minecraft:coal_ore":193,"minecraft:oak_log":11,"minecraft:gravel":6,"minecraft:dirt":55,"minecraft:stone":1031,"minecraft:gold_ore":8,"minecraft:oak_leaves":4}},"DataVersion":2586}