{"stats":{"minecraft:crafted":{"minecraft:oak_planks":160,"minecraft:crafting_table":1,"minecraft:iron_pickaxe":5,"minecraft:stick":20,"minecraft:iron_ingot":14,"minecraft:wooden_pickaxe":1,"minecraft:stone_pickaxe":1,"minecraft:wooden_axe":1,"minecraft:chest":2,"minecraft:furnace":2,"minecraft:stone_axe":1,"minecraft:cooked_mutton":11},"minecraft:dropped":{"minecraft:cooked_porkchop":10,"minecraft:rotten_flesh":1},"minecraft:picked_up":{"minecraft:crafting_table":8,"minecraft:cooked_porkchop":16,"minecraft:andesite":59,"minecraft:gravel":3,"minecraft:oak_log":40,"minecraft:gold_ore":8,"minecraft:diorite":26,"minecraft:dirt":46,"minecraft:spider_eye":1,"minecraft:cornflower":1,"minecraft:string":2,"minecraft:rotten_flesh":5,"minecraft:diamond":58,"minecraft:wheat_seeds":1,"minecraft:iron_ingot":1,"minecraft:granite":50,"minecraft:iron_ore":110,"minecraft:gray_wool":1,"minecraft:light_gray_wool":1,"minecraft:mutton":11,"minecraft:oak_planks":36,"minecraft:coal":172,"minecraft:white_wool":7,"minecraft:cobblestone":767,"minecraft:furnace":5},"minecraft:mined":{"minecraft:diamond_ore":58,"minecraft:furnace":5,"minecraft:iron_ore":99,"minecraft:andesite":59,"minecraft:granite":50,"minecraft:crafting_table":8,"minecraft:grass":9,"minecraft:grass_block":2,"minecraft:coal_ore":154,"minecraft:oak_log":10,"minecraft:gravel":5,"minecraft:dirt":44,"minecraft:cobblestone":3,"minecraft:stone":769,"minecraft:gold_ore":8,"minecraft:diorite":26,"minecraft:oak_leaves":4},"minecraft:broken":{"minecraft:stone_pickaxe":1,"minecraft:iron_pickaxe":4},"minecraft:custom":{"minecraft:time_since_rest":113631,"minecraft:interact_with_furnace":18,"minecraft:sprint_one_cm":23728,"minecraft:damage_taken":545,"minecraft:walk_one_cm":246268,"minecraft:mob_kills":13,"minecraft:drop":11,"minecraft:damage_dealt":1018,"minecraft:interact_with_crafting_table":19,"minecraft:fly_one_cm":31907,"minecraft:open_chest":1,"minecraft:play_one_minute":127196,"minecraft:crouch_one_cm":421,"minecraft:deaths":1,"minecraft:sneak_time":82,"minecraft:jump":388,"minecraft:leave_game":3,"minecraft:time_since_death":113312,"minecraft:fall_one_cm":8027},"minecraft:killed_by":{"minecraft:skeleton":1},"minecraft:used":{"minecraft:wooden_axe":23,"minecraft:stone_pickaxe":131,"minecraft:iron_pickaxe":1094,"minecraft:chest":2,"minecraft:wooden_pickaxe":28,"minecraft:rotten_flesh":1,"minecraft:stone_axe":21,"minecraft:cobblestone":45,"minecraft:crafting_table":8,"minecraft:furnace":6,"minecraft:cooked_porkchop":4},"minecraft:killed":{"minecraft:sheep":9,"minecraft:zombie":2,"minecraft:spider":2}},"DataVersion":2586}