{"stats":{"minecraft:killed_by":{"minecraft:skeleton":1},"minecraft:picked_up":{"minecraft:crafting_table":12,"minecraft:feather":19,"minecraft:chicken":19,"minecraft:water_bucket":1,"minecraft:andesite":67,"minecraft:golden_leggings":1,"minecraft:stone_slab":18,"minecraft:potato":2,"minecraft:oak_log":41,"minecraft:oak_trapdoor":3,"minecraft:cornflower":1,"minecraft:string":3,"minecraft:dirt":150,"minecraft:apple":8,"minecraft:wheat_seeds":3,"minecraft:bucket":1,"minecraft:iron_ingot":76,"minecraft:iron_ore":124,"minecraft:iron_pickaxe":1,"minecraft:diamond_helmet":5,"minecraft:light_gray_wool":2,"minecraft:chest":4,"minecraft:oak_planks":128,"minecraft:furnace":12,"minecraft:stick":1,"minecraft:milk_bucket":1,"minecraft:cooked_porkchop":18,"minecraft:torch":5,"minecraft:gravel":3,"minecraft:porkchop":18,"minecraft:diorite":40,"minecraft:white_bed":4,"minecraft:gold_ore":16,"minecraft:spider_eye":1,"minecraft:arrow":3,"minecraft:rotten_flesh":10,"minecraft:diamond_chestplate":1,"minecraft:diamond":112,"minecraft:diamond_boots":2,"minecraft:granite":57,"minecraft:gray_wool":1,"minecraft:bread":6,"minecraft:mutton":11,"minecraft:coal":636,"minecraft:white_wool":7,"minecraft:cobblestone":1232},"minecraft:custom":{"minecraft:interact_with_furnace":52,"minecraft:mob_kills":36,"minecraft:interact_with_crafting_table":42,"minecraft:play_one_minute":246532,"minecraft:leave_game":7,"minecraft:time_since_death":232648,"minecraft:time_since_rest":232967,"minecraft:sprint_one_cm":124279,"minecraft:damage_taken":750,"minecraft:walk_one_cm":587211,"minecraft:drop":69,"minecraft:damage_dealt":3690,"minecraft:fly_one_cm":146751,"minecraft:open_chest":71,"minecraft:crouch_one_cm":18759,"minecraft:sneak_time":5480,"minecraft:deaths":1,"minecraft:jump":1293,"minecraft:fall_one_cm":20021},"minecraft:used":{"minecraft:oak_trapdoor":7,"minecraft:cooked_mutton":5,"minecraft:water_bucket":5,"minecraft:stone_pickaxe":131,"minecraft:wooden_pickaxe":28,"minecraft:chest":6,"minecraft:shield":16,"minecraft:stone":3,"minecraft:cooked_chicken":1,"minecraft:rotten_flesh":1,"minecraft:torch":9,"minecraft:dirt":97,"minecraft:crafting_table":13,"minecraft:white_bed":2,"minecraft:lava_bucket":6,"minecraft:wooden_axe":23,"minecraft:diamond_pickaxe":48,"minecraft:iron_axe":27,"minecraft:iron_pickaxe":1520,"minecraft:stone_slab":21,"minecraft:stone_axe":61,"minecraft:cobblestone":230,"minecraft:furnace":14,"minecraft:cooked_porkchop":4,"minecraft:bucket":12},"minecraft:broken":{"minecraft:stone_pickaxe":1,"minecraft:iron_pickaxe":6},"minecraft:dropped":{"minecraft:water_bucket":1,"minecraft:gravel":3,"minecraft:stone_axe":1,"minecraft:wheat_seeds":3,"minecraft:cooked_porkchop":10,"minecraft:diamond_leggings":2,"minecraft:cobblestone":329,"minecraft:rotten_flesh":14,"minecraft:light_gray_wool":2,"minecraft:granite":57,"minecraft:stone_slab":3,"minecraft:coal":59,"minecraft:stick":1,"minecraft:poppy":2,"minecraft:dirt":29,"minecraft:gray_wool":1,"minecraft:stone":4,"minecraft:milk_bucket":1,"minecraft:diorite":40,"minecraft:diamond_chestplate":3,"minecraft:cornflower":1,"minecraft:andesite":81,"minecraft:wooden_axe":1,"minecraft:golden_leggings":1,"minecraft:diamond_helmet":6,"minecraft:spider_eye":1,"minecraft:diamond_boots":3,"minecraft:wooden_pickaxe":1,"minecraft:white_wool":1,"minecraft:egg":1,"minecraft:bone":1},"minecraft:killed":{"minecraft:pig":4,"minecraft:spider":4,"minecraft:sheep":9,"minecraft:skeleton":2,"minecraft:zombie":7,"minecraft:chicken":10},"minecraft:crafted":{"minecraft:oak_planks":164,"minecraft:cooked_porkchop":10,"minecraft:crafting_table":1,"minecraft:wooden_pickaxe":1,"minecraft:cooked_chicken":10,"minecraft:furnace":2,"minecraft:stone":10,"minecraft:bucket":1,"minecraft:stone_axe":1,"minecraft:cooked_mutton":11,"minecraft:oak_trapdoor":4,"minecraft:bow":1,"minecraft:diamond_helmet":2,"minecraft:diamond_leggings":2,"minecraft:diamond_pickaxe":1,"minecraft:shield":2,"minecraft:iron_axe":1,"minecraft:stick":28,"minecraft:stone_slab":6,"minecraft:iron_ingot":113,"minecraft:iron_pickaxe":7,"minecraft:stone_pickaxe":1,"minecraft:wooden_axe":1,"minecraft:chest":2,"minecraft:diamond_boots":2,"minecraft:torch":4,"minecraft:diamond_chestplate":2},"minecraft:mined":{"minecraft:diamond_ore":86,"minecraft:white_bed":3,"minecraft:crafting_table":12,"minecraft:granite":57,"minecraft:grass_block":22,"minecraft:chest":4,"minecraft:stone_slab":13,"minecraft:cobblestone":47,"minecraft:diorite":40,"minecraft:wall_torch":4,"minecraft:redstone_ore":1,"minecraft:oak_trapdoor":4,"minecraft:furnace":12,"minecraft:iron_ore":113,"minecraft:andesite":78,"minecraft:grass":17,"minecraft:coal_ore":193,"minecraft:oak_log":11,"minecraft:gravel":6,"minecraft:dirt":89,"minecraft:stone":1036,"minecraft:gold_ore":8,"minecraft:oak_leaves":4}},"DataVersion":2586}