{"stats":{"minecraft:dropped":{"minecraft:rotten_flesh":1},"minecraft:picked_up":{"minecraft:cooked_porkchop":16,"minecraft:rotten_flesh":2},"minecraft:custom":{"minecraft:time_since_rest":23631,"minecraft:damage_dealt":74,"minecraft:play_one_minute":37196,"minecraft:crouch_one_cm":418,"minecraft:damage_taken":295,"minecraft:leave_game":3,"minecraft:sprint_one_cm":8021,"minecraft:time_since_death":23312,"minecraft:walk_one_cm":80989,"minecraft:deaths":1,"minecraft:sneak_time":80,"minecraft:drop":1,"minecraft:fall_one_cm":6446,"minecraft:fly_one_cm":15825,"minecraft:jump":185},"minecraft:killed_by":{"minecraft:skeleton":1},"minecraft:used":{"minecraft:rotten_flesh":1},"minecraft:killed":{"minecraft:zombie":1}},"DataVersion":2586}