{"stats":{"minecraft:mined":{"minecraft:diamond_ore":86,"minecraft:white_bed":3,"minecraft:crafting_table":9,"minecraft:granite":57,"minecraft:grass_block":3,"minecraft:stone_slab":13,"minecraft:cobblestone":13,"minecraft:diorite":40,"minecraft:wall_torch":3,"minecraft:redstone_ore":1,"minecraft:oak_trapdoor":4,"minecraft:furnace":8,"minecraft:iron_ore":113,"minecraft:andesite":78,"minecraft:grass":13,"minecraft:oak_log":10,"minecraft:coal_ore":193,"minecraft:gravel":6,"minecraft:dirt":53,"minecraft:stone":1031,"minecraft:gold_ore":8,"minecraft:oak_leaves":4},"minecraft:picked_up":{"minecraft:crafting_table":9,"minecraft:feather":4,"minecraft:chicken":10,"minecraft:andesite":67,"minecraft:stone_slab":18,"minecraft:oak_log":40,"minecraft:dirt":53,"minecraft:cornflower":1,"minecraft:string":2,"minecraft:oak_trapdoor":3,"minecraft:wheat_seeds":2,"minecraft:bucket":1,"minecraft:iron_ingot":1,"minecraft:iron_ore":124,"minecraft:diamond_helmet":2,"minecraft:light_gray_wool":2,"minecraft:oak_planks":68,"minecraft:furnace":8,"minecraft:milk_bucket":1,"minecraft:cooked_porkchop":16,"minecraft:torch":3,"minecraft:gravel":3,"minecraft:porkchop":10,"minecraft:diorite":40,"minecraft:white_bed":3,"minecraft:gold_ore":8,"minecraft:spider_eye":1,"minecraft:rotten_flesh":5,"minecraft:diamond_chestplate":1,"minecraft:diamond":81,"minecraft:diamond_boots":2,"minecraft:granite":57,"minecraft:gray_wool":1,"minecraft:mutton":11,"minecraft:coal":299,"minecraft:white_wool":7,"minecraft:cobblestone":984},"minecraft:broken":{"minecraft:stone_pickaxe":1,"minecraft:iron_pickaxe":6},"minecraft:custom":{"minecraft:interact_with_furnace":42,"minecraft:mob_kills":27,"minecraft:interact_with_crafting_table":35,"minecraft:play_one_minute":214765,"minecraft:leave_game":5,"minecraft:time_since_death":200881,"minecraft:time_since_rest":201200,"minecraft:sprint_one_cm":102493,"minecraft:damage_taken":617,"minecraft:walk_one_cm":436506,"minecraft:drop":50,"minecraft:damage_dealt":1936,"minecraft:fly_one_cm":123134,"minecraft:open_chest":46,"minecraft:crouch_one_cm":14500,"minecraft:deaths":1,"minecraft:sneak_time":4446,"minecraft:jump":994,"minecraft:fall_one_cm":17093},"minecraft:used":{"minecraft:oak_trapdoor":7,"minecraft:cooked_mutton":3,"minecraft:water_bucket":5,"minecraft:stone_pickaxe":131,"minecraft:chest":2,"minecraft:wooden_pickaxe":28,"minecraft:stone":3,"minecraft:rotten_flesh":1,"minecraft:torch":5,"minecraft:crafting_table":9,"minecraft:white_bed":2,"minecraft:wooden_axe":23,"minecraft:lava_bucket":6,"minecraft:iron_pickaxe":1518,"minecraft:stone_slab":21,"minecraft:stone_axe":50,"minecraft:cobblestone":130,"minecraft:furnace":10,"minecraft:cooked_porkchop":4,"minecraft:bucket":11},"minecraft:killed_by":{"minecraft:skeleton":1},"minecraft:killed":{"minecraft:pig":4,"minecraft:spider":2,"minecraft:sheep":9,"minecraft:zombie":2,"minecraft:chicken":10},"minecraft:crafted":{"minecraft:oak_planks":160,"minecraft:crafting_table":1,"minecraft:wooden_pickaxe":1,"minecraft:furnace":2,"minecraft:stone":7,"minecraft:bucket":1,"minecraft:stone_axe":1,"minecraft:cooked_mutton":11,"minecraft:oak_trapdoor":4,"minecraft:diamond_helmet":2,"minecraft:diamond_leggings":2,"minecraft:shield":1,"minecraft:stick":20,"minecraft:stone_slab":6,"minecraft:iron_ingot":113,"minecraft:iron_pickaxe":7,"minecraft:stone_pickaxe":1,"minecraft:wooden_axe":1,"minecraft:chest":2,"minecraft:diamond_boots":2,"minecraft:torch":4,"minecraft:diamond_chestplate":2},"minecraft:dropped":{"minecraft:gravel":3,"minecraft:wheat_seeds":1,"minecraft:cooked_porkchop":10,"minecraft:diamond_leggings":2,"minecraft:cobblestone":282,"minecraft:rotten_flesh":9,"minecraft:light_gray_wool":2,"minecraft:granite":57,"minecraft:poppy":2,"minecraft:gray_wool":1,"minecraft:milk_bucket":1,"minecraft:diorite":40,"minecraft:diamond_chestplate":3,"minecraft:cornflower":1,"minecraft:wooden_axe":1,"minecraft:andesite":81,"minecraft:diamond_helmet":4,"minecraft:spider_eye":1,"minecraft:diamond_boots":3,"minecraft:wooden_pickaxe":1,"minecraft:white_wool":1,"minecraft:egg":1}},"DataVersion":2586}