{"stats":{"minecraft:killed_by":{"minecraft:skeleton":1},"minecraft:picked_up":{"minecraft:crafting_table":13,"minecraft:chicken":31,"minecraft:stone_slab":18,"minecraft:cornflower":1,"minecraft:string":3,"minecraft:oak_trapdoor":3,"minecraft:bucket":1,"minecraft:beef":35,"minecraft:iron_pickaxe":1,"minecraft:light_gray_wool":4,"minecraft:chest":4,"minecraft:furnace":12,"minecraft:stick":1,"minecraft:torch":5,"minecraft:porkchop":41,"minecraft:diorite":40,"minecraft:arrow":3,"minecraft:diamond_chestplate":1,"minecraft:rotten_flesh":10,"minecraft:diamond_boots":2,"minecraft:mutton":30,"minecraft:white_wool":15,"minecraft:cobblestone":1232,"minecraft:feather":32,"minecraft:water_bucket":1,"minecraft:andesite":67,"minecraft:leather":20,"minecraft:golden_leggings":1,"minecraft:potato":2,"minecraft:oak_log":41,"minecraft:dirt":150,"minecraft:white_banner":1,"minecraft:apple":8,"minecraft:wheat_seeds":11,"minecraft:iron_ingot":76,"minecraft:iron_ore":124,"minecraft:diamond_helmet":5,"minecraft:oak_planks":128,"minecraft:milk_bucket":1,"minecraft:cooked_porkchop":18,"minecraft:gravel":3,"minecraft:white_bed":5,"minecraft:gold_ore":16,"minecraft:spider_eye":1,"minecraft:diamond":112,"minecraft:granite":57,"minecraft:crossbow":1,"minecraft:gray_wool":1,"minecraft:bread":6,"minecraft:black_wool":1,"minecraft:coal":636},"minecraft:custom":{"minecraft:mob_kills":95,"minecraft:interact_with_crafting_table":44,"minecraft:leave_game":7,"minecraft:time_since_death":256648,"minecraft:sprint_one_cm":196499,"minecraft:walk_one_cm":642361,"minecraft:drop":74,"minecraft:deaths":1,"minecraft:sneak_time":5491,"minecraft:walk_under_water_one_cm":7000,"minecraft:jump":1675,"minecraft:walk_on_water_one_cm":2131,"minecraft:interact_with_furnace":67,"minecraft:play_one_minute":270532,"minecraft:sleep_in_bed":2,"minecraft:time_since_rest":6299,"minecraft:damage_taken":897,"minecraft:damage_dealt":8870,"minecraft:swim_one_cm":5784,"minecraft:fly_one_cm":226499,"minecraft:open_chest":71,"minecraft:crouch_one_cm":18759,"minecraft:fall_one_cm":27998},"minecraft:broken":{"minecraft:stone_pickaxe":1,"minecraft:iron_pickaxe":6},"minecraft:used":{"minecraft:oak_trapdoor":7,"minecraft:chest":6,"minecraft:shield":22,"minecraft:stone":3,"minecraft:cooked_chicken":6,"minecraft:rotten_flesh":1,"minecraft:torch":9,"minecraft:dirt":97,"minecraft:wooden_axe":23,"minecraft:lava_bucket":6,"minecraft:iron_axe":134,"minecraft:bow":1,"minecraft:furnace":17,"minecraft:cooked_mutton":5,"minecraft:water_bucket":5,"minecraft:stone_pickaxe":131,"minecraft:wooden_pickaxe":28,"minecraft:crafting_table":15,"minecraft:white_bed":3,"minecraft:diamond_pickaxe":48,"minecraft:iron_pickaxe":1520,"minecraft:stone_slab":21,"minecraft:stone_axe":61,"minecraft:cobblestone":231,"minecraft:cooked_porkchop":4,"minecraft:bucket":12},"minecraft:dropped":{"minecraft:water_bucket":1,"minecraft:wheat_seeds":7,"minecraft:cooked_porkchop":10,"minecraft:diamond_leggings":2,"minecraft:feather":13,"minecraft:cobblestone":329,"minecraft:granite":57,"minecraft:coal":59,"minecraft:stick":1,"minecraft:dirt":29,"minecraft:gray_wool":1,"minecraft:milk_bucket":1,"minecraft:diorite":40,"minecraft:cornflower":1,"minecraft:wooden_axe":1,"minecraft:diamond_helmet":6,"minecraft:white_wool":6,"minecraft:bone":1,"minecraft:gravel":3,"minecraft:stone_axe":1,"minecraft:rotten_flesh":14,"minecraft:light_gray_wool":4,"minecraft:stone_slab":3,"minecraft:poppy":2,"minecraft:stone":4,"minecraft:diamond_chestplate":3,"minecraft:andesite":81,"minecraft:golden_leggings":1,"minecraft:spider_eye":1,"minecraft:diamond_boots":3,"minecraft:wooden_pickaxe":1,"minecraft:black_wool":1,"minecraft:egg":1},"minecraft:killed":{"minecraft:spider":4,"minecraft:skeleton":2,"minecraft:chicken":22,"minecraft:pig":19,"minecraft:sheep":20,"minecraft:pillager":4,"minecraft:zombie":7,"minecraft:cow":17},"minecraft:crafted":{"minecraft:oak_planks":164,"minecraft:cooked_chicken":22,"minecraft:furnace":5,"minecraft:stone":10,"minecraft:cooked_mutton":30,"minecraft:oak_trapdoor":4,"minecraft:diamond_leggings":2,"minecraft:diamond_helmet":2,"minecraft:bow":1,"minecraft:iron_axe":1,"minecraft:stone_pickaxe":1,"minecraft:chest":2,"minecraft:diamond_boots":2,"minecraft:cooked_porkchop":10,"minecraft:crafting_table":2,"minecraft:wooden_pickaxe":1,"minecraft:bucket":1,"minecraft:stone_axe":1,"minecraft:diamond_pickaxe":1,"minecraft:shield":2,"minecraft:stick":28,"minecraft:stone_slab":6,"minecraft:iron_ingot":113,"minecraft:iron_pickaxe":7,"minecraft:wooden_axe":1,"minecraft:white_bed":1,"minecraft:torch":4,"minecraft:diamond_chestplate":2},"minecraft:mined":{"minecraft:diamond_ore":86,"minecraft:white_bed":4,"minecraft:granite":57,"minecraft:grass_block":22,"minecraft:redstone_ore":1,"minecraft:oak_trapdoor":4,"minecraft:furnace":12,"minecraft:iron_ore":113,"minecraft:andesite":78,"minecraft:stone":1036,"minecraft:crafting_table":13,"minecraft:chest":4,"minecraft:stone_slab":13,"minecraft:cobblestone":47,"minecraft:diorite":40,"minecraft:wall_torch":4,"minecraft:grass":29,"minecraft:oak_log":11,"minecraft:coal_ore":193,"minecraft:gravel":6,"minecraft:dirt":89,"minecraft:gold_ore":8,"minecraft:oak_leaves":4}},"DataVersion":2586}