{"stats":{"minecraft:picked_up":{"minecraft:rotten_flesh":2},"minecraft:custom":{"minecraft:time_since_rest":11631,"minecraft:damage_dealt":74,"minecraft:play_one_minute":25196,"minecraft:crouch_one_cm":418,"minecraft:damage_taken":295,"minecraft:leave_game":3,"minecraft:sprint_one_cm":8021,"minecraft:time_since_death":11312,"minecraft:walk_one_cm":62275,"minecraft:deaths":1,"minecraft:sneak_time":80,"minecraft:fall_one_cm":5761,"minecraft:fly_one_cm":15491,"minecraft:jump":151},"minecraft:killed_by":{"minecraft:skeleton":1},"minecraft:killed":{"minecraft:zombie":1}},"DataVersion":2586}