{"stats":{"minecraft:crafted":{"minecraft:oak_planks":160,"minecraft:crafting_table":1,"minecraft:wooden_pickaxe":1,"minecraft:furnace":2,"minecraft:stone_axe":1,"minecraft:cooked_mutton":11,"minecraft:diamond_helmet":2,"minecraft:diamond_leggings":2,"minecraft:stick":20,"minecraft:iron_ingot":17,"minecraft:iron_pickaxe":6,"minecraft:stone_pickaxe":1,"minecraft:wooden_axe":1,"minecraft:chest":2,"minecraft:diamond_boots":2,"minecraft:diamond_chestplate":2},"minecraft:dropped":{"minecraft:gravel":3,"minecraft:wheat_seeds":1,"minecraft:cooked_porkchop":10,"minecraft:diamond_leggings":2,"minecraft:rotten_flesh":9,"minecraft:light_gray_wool":2,"minecraft:granite":57,"minecraft:poppy":2,"minecraft:gray_wool":1,"minecraft:diorite":40,"minecraft:diamond_chestplate":3,"minecraft:cornflower":1,"minecraft:wooden_axe":1,"minecraft:andesite":81,"minecraft:diamond_helmet":4,"minecraft:spider_eye":1,"minecraft:diamond_boots":3,"minecraft:wooden_pickaxe":1,"minecraft:white_wool":1,"minecraft:egg":1},"minecraft:picked_up":{"minecraft:crafting_table":9,"minecraft:andesite":67,"minecraft:oak_log":40,"minecraft:cornflower":1,"minecraft:string":2,"minecraft:dirt":53,"minecraft:wheat_seeds":1,"minecraft:iron_ingot":1,"minecraft:iron_ore":124,"minecraft:diamond_helmet":2,"minecraft:light_gray_wool":2,"minecraft:oak_planks":36,"minecraft:furnace":8,"minecraft:cooked_porkchop":16,"minecraft:gravel":3,"minecraft:diorite":40,"minecraft:gold_ore":8,"minecraft:spider_eye":1,"minecraft:diamond_chestplate":1,"minecraft:rotten_flesh":5,"minecraft:diamond":81,"minecraft:diamond_boots":2,"minecraft:granite":57,"minecraft:gray_wool":1,"minecraft:mutton":11,"minecraft:coal":236,"minecraft:white_wool":7,"minecraft:cobblestone":967},"minecraft:mined":{"minecraft:diamond_ore":86,"minecraft:crafting_table":9,"minecraft:granite":57,"minecraft:grass_block":3,"minecraft:cobblestone":6,"minecraft:diorite":40,"minecraft:redstone_ore":1,"minecraft:furnace":8,"minecraft:iron_ore":113,"minecraft:andesite":78,"minecraft:grass":9,"minecraft:oak_log":10,"minecraft:coal_ore":193,"minecraft:gravel":6,"minecraft:dirt":53,"minecraft:stone":1016,"minecraft:gold_ore":8,"minecraft:oak_leaves":4},"minecraft:broken":{"minecraft:stone_pickaxe":1,"minecraft:iron_pickaxe":5},"minecraft:custom":{"minecraft:interact_with_furnace":23,"minecraft:mob_kills":13,"minecraft:interact_with_crafting_table":23,"minecraft:play_one_minute":163196,"minecraft:leave_game":3,"minecraft:time_since_death":149312,"minecraft:time_since_rest":149631,"minecraft:sprint_one_cm":26510,"minecraft:damage_taken":545,"minecraft:walk_one_cm":292293,"minecraft:drop":43,"minecraft:damage_dealt":1136,"minecraft:fly_one_cm":38110,"minecraft:open_chest":12,"minecraft:crouch_one_cm":421,"minecraft:deaths":1,"minecraft:sneak_time":82,"minecraft:jump":531,"minecraft:fall_one_cm":8445},"minecraft:killed_by":{"minecraft:skeleton":1},"minecraft:killed":{"minecraft:spider":2,"minecraft:sheep":9,"minecraft:zombie":2},"minecraft:used":{"minecraft:stone_pickaxe":131,"minecraft:chest":2,"minecraft:wooden_pickaxe":28,"minecraft:rotten_flesh":1,"minecraft:crafting_table":9,"minecraft:wooden_axe":23,"minecraft:iron_pickaxe":1480,"minecraft:stone_axe":24,"minecraft:cobblestone":111,"minecraft:furnace":10,"minecraft:cooked_porkchop":4}},"DataVersion":2586}