{"stats":{"minecraft:killed":{"minecraft:magma_cube":6,"minecraft:phantom":1,"minecraft:zombie":101,"minecraft:piglin_brute":8,"minecraft:blaze":14},"minecraft:killed_by":{"minecraft:player":1},"minecraft:dropped":{"minecraft:zombie_spawn_egg":2,"minecraft:rotten_flesh":1,"modieslanza:mochila":1},"minecraft:used":{"minecraft:netherite_sword":297,"minecraft:flint_and_steel":77,"modieslanza:hollowme":6,"minecraft:elytra":2,"minecraft:blackstone":13,"minecraft:ender_pearl":10,"minecraft:shield":44,"minecraft:zombie_spawn_egg":57,"minecraft:torch":9,"mcore:steel_chestplate":1,"minecraft:golden_apple":42,"minecraft:terracotta":2,"minecraft:skeleton_spawn_egg":16,"minecraft:tnt":449,"minecraft:crafting_table":7,"minecraft:phantom_spawn_egg":32,"minecraft:light_gray_terracotta":54,"minecraft:white_bed":1,"mcore:steel_boots":1,"minecraft:creeper_spawn_egg":28,"mcore:steel_helmet":1,"minecraft:firework_rocket":167,"minecraft:command_block":1,"mcore:steel_leggings":1,"minecraft:grass_block":6,"minecraft:stone_button":2,"minecraft:red_terracotta":18,"minecraft:piglin_brute_spawn_egg":17,"minecraft:totem_of_undying":7,"minecraft:magma_cube_spawn_egg":6,"minecraft:smooth_basalt":3,"minecraft:blaze_spawn_egg":42,"minecraft:bedrock":347,"minecraft:netherite_boots":1,"biomesoplenty:music_disc_wanderer":1,"minecraft:jukebox":6},"minecraft:custom":{"minecraft:mob_kills":135,"minecraft:play_record":7,"minecraft:interact_with_crafting_table":5,"minecraft:leave_game":30,"minecraft:time_since_death":5029,"minecraft:climb_one_cm":45,"minecraft:time_since_rest":5031,"minecraft:sprint_one_cm":90330,"minecraft:walk_one_cm":228705,"minecraft:damage_taken":6900,"minecraft:damage_absorbed":1909,"minecraft:damage_blocked_by_shield":1870,"minecraft:drop":4,"minecraft:damage_dealt":18427,"minecraft:damage_dealt_absorbed":150,"minecraft:fly_one_cm":904973,"minecraft:crouch_one_cm":6153,"minecraft:play_time":251597,"minecraft:deaths":6,"minecraft:sneak_time":2966,"minecraft:aviate_one_cm":634264,"minecraft:jump":1847,"minecraft:total_world_time":251597,"minecraft:fall_one_cm":56665},"minecraft:mined":{"minecraft:dead_bush":1,"minecraft:fire":2},"minecraft:broken":{"minecraft:netherite_helmet":1},"minecraft:picked_up":{"minecraft:netherite_boots":2,"minecraft:bedrock":1,"minecraft:gunpowder":7,"minecraft:elytra":2,"minecraft:orange_terracotta":15,"minecraft:zombie_head":3,"minecraft:bone":32,"portable_enderchest:portable_ender_chest":2,"minecraft:iron_ingot":9,"minecraft:player_head":3,"minecraft:phantom_membrane":2,"minecraft:stick":9,"minecraft:brown_terracotta":198,"minecraft:torch":5,"minecraft:white_bed":1,"minecraft:carrot":3,"biomesoplenty:music_disc_wanderer":1,"minecraft:red_terracotta":197,"minecraft:light_gray_terracotta":54,"minecraft:command_block":64,"minecraft:stone_shovel":3,"minecraft:arrow":39,"minecraft:rotten_flesh":101,"minecraft:golden_apple":23,"modieslanza:mochila":1,"minecraft:totem_of_undying":4,"minecraft:terracotta":76,"minecraft:netherite_chestplate":1,"minecraft:blaze_rod":9,"modieslanza:hollowme":5,"minecraft:ender_pearl":6}},"DataVersion":3465}