{"stats":{"minecraft:killed_by":{"minecraft:skeleton":1},"minecraft:mined":{"minecraft:grass":1,"minecraft:dirt":3,"minecraft:player_wall_head":1},"minecraft:picked_up":{"minecraft:zombie_spawn_egg":1,"minecraft:rotten_flesh":2,"minecraft:villager_spawn_egg":1,"minecraft:player_head":1,"minecraft:dirt":3},"minecraft:dropped":{"minecraft:player_head":1},"minecraft:used":{"minecraft:dirt":2},"minecraft:custom":{"minecraft:time_since_rest":4928,"minecraft:crouch_one_cm":808,"minecraft:play_one_minute":47219,"minecraft:sprint_one_cm":12687,"minecraft:damage_taken":220,"minecraft:deaths":1,"minecraft:walk_one_cm":57098,"minecraft:sneak_time":592,"minecraft:walk_under_water_one_cm":2290,"minecraft:mob_kills":1,"minecraft:drop":1,"minecraft:jump":256,"minecraft:damage_dealt":170,"minecraft:leave_game":6,"minecraft:walk_on_water_one_cm":950,"minecraft:time_since_death":4781,"minecraft:fall_one_cm":5026,"minecraft:fly_one_cm":21326},"minecraft:killed":{"minecraft:spider":1}},"DataVersion":2586}