{"stats":{"minecraft:picked_up":{"minecraft:crafting_table":9,"minecraft:iron_chestplate":1,"minecraft:wheat":2,"minecraft:wooden_pickaxe":1,"minecraft:string":4,"minecraft:beef":24,"minecraft:oak_boat":4,"minecraft:iron_pickaxe":1,"minecraft:minecart":2,"minecraft:iron_boots":1,"minecraft:furnace":7,"minecraft:stick":3,"minecraft:torch":15,"minecraft:porkchop":34,"minecraft:diorite":83,"minecraft:carrot":1,"minecraft:redstone":152,"minecraft:rotten_flesh":20,"minecraft:arrow":1,"minecraft:diamond_chestplate":1,"minecraft:mutton":7,"minecraft:rail":73,"minecraft:white_wool":5,"minecraft:cobblestone":2289,"minecraft:cooked_beef":17,"minecraft:andesite":149,"minecraft:leather":16,"minecraft:flint":4,"minecraft:oak_log":73,"minecraft:gunpowder":2,"minecraft:lapis_lazuli":17,"minecraft:dirt":581,"minecraft:bone":4,"minecraft:wheat_seeds":9,"minecraft:iron_ingot":58,"minecraft:iron_ore":133,"minecraft:oak_planks":58,"minecraft:cooked_porkchop":44,"minecraft:sand":37,"minecraft:gravel":10,"minecraft:white_bed":4,"minecraft:gold_ore":11,"minecraft:spider_eye":2,"minecraft:diamond":50,"minecraft:granite":64,"minecraft:golden_horse_armor":1,"minecraft:emerald":2,"minecraft:oak_sapling":2,"minecraft:coal":205,"minecraft:netherrack":1,"minecraft:diamond_pickaxe":1,"minecraft:ender_pearl":1},"minecraft:custom":{"minecraft:mob_kills":51,"minecraft:interact_with_crafting_table":75,"minecraft:leave_game":8,"minecraft:time_since_death":347097,"minecraft:sprint_one_cm":499907,"minecraft:walk_one_cm":763464,"minecraft:drop":124,"minecraft:talked_to_villager":5,"minecraft:sneak_time":75181,"minecraft:walk_under_water_one_cm":6580,"minecraft:boat_one_cm":131251,"minecraft:jump":2691,"minecraft:walk_on_water_one_cm":9989,"minecraft:interact_with_furnace":89,"minecraft:play_one_minute":347097,"minecraft:sleep_in_bed":5,"minecraft:time_since_rest":464,"minecraft:damage_taken":697,"minecraft:damage_dealt":6473,"minecraft:swim_one_cm":3036,"minecraft:fly_one_cm":535783,"minecraft:open_chest":12,"minecraft:crouch_one_cm":235039,"minecraft:fall_one_cm":43165,"minecraft:horse_one_cm":101515},"minecraft:broken":{"minecraft:iron_shovel":1,"minecraft:stone_pickaxe":1,"minecraft:golden_axe":1,"minecraft:iron_pickaxe":16},"minecraft:used":{"minecraft:oak_trapdoor":36,"minecraft:netherite_sword":9,"minecraft:iron_shovel":251,"minecraft:chest":2,"minecraft:shield":8,"minecraft:rotten_flesh":4,"minecraft:torch":150,"minecraft:dirt":249,"minecraft:granite":3,"minecraft:glass":28,"minecraft:lava_bucket":1,"minecraft:grass_block":4,"minecraft:iron_axe":75,"minecraft:golden_sword":19,"minecraft:furnace":7,"minecraft:minecart":2,"minecraft:cooked_beef":4,"minecraft:golden_axe":32,"minecraft:diorite":1,"minecraft:stone_pickaxe":130,"minecraft:oak_planks":21,"minecraft:wooden_pickaxe":2,"minecraft:composter":1,"minecraft:oak_leaves":32,"minecraft:rail":75,"minecraft:crafting_table":10,"minecraft:white_bed":4,"minecraft:diamond_pickaxe":803,"minecraft:diamond_shovel":448,"minecraft:barrier":39,"minecraft:string":4,"minecraft:iron_pickaxe":3830,"minecraft:stone_axe":78,"minecraft:cobblestone":445,"minecraft:cooked_porkchop":15,"minecraft:bucket":5,"minecraft:andesite":2,"minecraft:oak_boat":4,"minecraft:splash_potion":572},"minecraft:dropped":{"minecraft:gold_ore":1,"minecraft:bread":2,"minecraft:porkchop":17,"minecraft:wheat_seeds":2,"minecraft:oak_log":4,"minecraft:golden_horse_armor":2,"minecraft:cooked_porkchop":100,"minecraft:iron_helmet":2,"minecraft:cobblestone":1459,"minecraft:granite":53,"minecraft:saddle":1,"minecraft:stick":4,"minecraft:dirt":40,"minecraft:diorite":82,"minecraft:iron_leggings":2,"minecraft:gold_nugget":4,"minecraft:golden_hoe":1,"minecraft:white_wool":2,"minecraft:redstone":93,"minecraft:gravel":10,"minecraft:stone_axe":1,"minecraft:iron_nugget":16,"minecraft:stone_sword":1,"minecraft:wheat":4,"minecraft:rotten_flesh":10,"minecraft:iron_boots":3,"minecraft:shield":1,"minecraft:diamond_chestplate":1,"minecraft:diamond_pickaxe":1,"minecraft:iron_chestplate":3,"minecraft:andesite":147,"minecraft:oak_sapling":2,"minecraft:golden_sword":1,"minecraft:spider_eye":2,"minecraft:iron_ore":1,"minecraft:arrow":1,"minecraft:wooden_pickaxe":1,"minecraft:netherrack":1},"minecraft:killed":{"minecraft:spider":2,"minecraft:skeleton":3,"minecraft:pig":8,"minecraft:bat":1,"minecraft:creeper":2,"minecraft:sheep":5,"minecraft:zombie":12,"minecraft:cow":15,"minecraft:enderman":1},"minecraft:crafted":{"minecraft:oak_planks":252,"minecraft:furnace":3,"minecraft:diamond_shovel":1,"minecraft:oak_trapdoor":36,"minecraft:glass":37,"minecraft:hopper":4,"minecraft:iron_boots":2,"minecraft:diamond_helmet":1,"minecraft:diamond_leggings":1,"minecraft:iron_axe":1,"minecraft:stone_pickaxe":1,"minecraft:chest":8,"minecraft:diamond_boots":1,"minecraft:rail":32,"minecraft:minecart":1,"minecraft:oak_slab":12,"minecraft:cooked_porkchop":17,"minecraft:crafting_table":2,"minecraft:iron_helmet":2,"minecraft:bucket":4,"minecraft:stone_axe":1,"minecraft:air":0,"minecraft:oak_fence_gate":2,"minecraft:oak_boat":1,"minecraft:iron_chestplate":2,"minecraft:diamond_pickaxe":2,"minecraft:shield":2,"minecraft:stick":108,"minecraft:iron_ingot":137,"minecraft:iron_pickaxe":15,"minecraft:stone_sword":1,"minecraft:gold_ingot":16,"minecraft:iron_shovel":1,"minecraft:iron_leggings":2,"minecraft:white_bed":1,"minecraft:composter":1,"minecraft:torch":132,"minecraft:diamond_chestplate":1},"minecraft:mined":{"minecraft:diamond_ore":47,"minecraft:white_bed":4,"minecraft:granite":142,"minecraft:grass_block":259,"minecraft:redstone_ore":37,"minecraft:furnace":7,"minecraft:iron_ore":137,"minecraft:andesite":304,"minecraft:rail":62,"minecraft:stone":3621,"minecraft:oak_fence":2,"minecraft:crafting_table":8,"minecraft:torch":4,"minecraft:emerald_ore":2,"minecraft:tall_grass":12,"minecraft:cobblestone":45,"minecraft:lapis_ore":3,"minecraft:oak_planks":45,"minecraft:diorite":182,"minecraft:wall_torch":8,"minecraft:grass_path":5,"minecraft:grass":47,"minecraft:oak_log":63,"minecraft:coal_ore":153,"minecraft:sand":47,"minecraft:gravel":58,"minecraft:dirt":347,"minecraft:cobweb":2,"minecraft:netherrack":1,"minecraft:gold_ore":11,"minecraft:oak_leaves":5}},"DataVersion":2586}