{"stats":{"minecraft:dropped":{"modieslanza:mochila":1},"minecraft:custom":{"minecraft:time_since_rest":100838,"minecraft:crouch_one_cm":3295,"minecraft:sprint_one_cm":31741,"minecraft:play_time":100838,"minecraft:walk_one_cm":65835,"minecraft:sneak_time":1696,"minecraft:drop":1,"minecraft:jump":418,"minecraft:play_record":6,"minecraft:leave_game":12,"minecraft:time_since_death":100838,"minecraft:total_world_time":100838,"minecraft:fall_one_cm":209,"minecraft:fly_one_cm":224694},"minecraft:picked_up":{"modieslanza:mochila":1,"modieslanza:hollowme":4},"minecraft:used":{"mcore:steel_chestplate":1,"mcore:steel_helmet":1,"biomesoplenty:music_disc_wanderer":1,"mcore:steel_leggings":1,"modieslanza:hollowme":5,"minecraft:blackstone":13,"mcore:steel_boots":1,"minecraft:jukebox":5}},"DataVersion":3465}