{"stats":{"minecraft:dropped":{"modieslanza:mochila":1},"minecraft:custom":{"minecraft:time_since_rest":116277,"minecraft:crouch_one_cm":3436,"minecraft:sprint_one_cm":41530,"minecraft:play_time":116277,"minecraft:walk_one_cm":70865,"minecraft:sneak_time":1837,"minecraft:drop":1,"minecraft:jump":635,"minecraft:play_record":7,"minecraft:leave_game":14,"minecraft:time_since_death":116277,"minecraft:total_world_time":116277,"minecraft:fall_one_cm":209,"minecraft:fly_one_cm":381125},"minecraft:picked_up":{"modieslanza:mochila":1,"biomesoplenty:music_disc_wanderer":1,"modieslanza:hollowme":5},"minecraft:used":{"mcore:steel_chestplate":1,"mcore:steel_helmet":1,"biomesoplenty:music_disc_wanderer":1,"mcore:steel_leggings":1,"modieslanza:hollowme":6,"minecraft:blackstone":13,"mcore:steel_boots":1,"minecraft:jukebox":6}},"DataVersion":3465}