{"stats":{"minecraft:crafted":{"minecraft:oak_planks":24,"minecraft:stick":4,"minecraft:iron_ingot":1,"minecraft:stone_pickaxe":1,"minecraft:furnace":1,"minecraft:torch":8,"minecraft:stone_axe":1,"minecraft:air":0},"minecraft:dropped":{"minecraft:cooked_porkchop":100},"minecraft:picked_up":{"minecraft:stick":2,"minecraft:crafting_table":2,"minecraft:cooked_porkchop":18,"minecraft:wooden_pickaxe":1,"minecraft:oak_log":12,"minecraft:dirt":19,"minecraft:bone":1,"minecraft:arrow":1,"minecraft:rotten_flesh":6,"minecraft:wheat_seeds":2,"minecraft:iron_ore":15,"minecraft:oak_sapling":2,"minecraft:oak_planks":3,"minecraft:coal":3,"minecraft:cobblestone":19,"minecraft:furnace":1},"minecraft:mined":{"minecraft:furnace":1,"minecraft:iron_ore":15,"minecraft:crafting_table":2,"minecraft:grass":3,"minecraft:oak_log":6,"minecraft:coal_ore":3,"minecraft:dirt":1,"minecraft:stone":16,"minecraft:oak_planks":4,"minecraft:oak_leaves":1},"minecraft:custom":{"minecraft:time_since_rest":57746,"minecraft:interact_with_furnace":4,"minecraft:sprint_one_cm":37325,"minecraft:damage_taken":370,"minecraft:walk_one_cm":94938,"minecraft:mob_kills":7,"minecraft:drop":10,"minecraft:damage_dealt":676,"minecraft:interact_with_crafting_table":6,"minecraft:fly_one_cm":92972,"minecraft:crouch_one_cm":14821,"minecraft:play_one_minute":57746,"minecraft:sneak_time":6170,"minecraft:jump":460,"minecraft:leave_game":2,"minecraft:walk_on_water_one_cm":25,"minecraft:time_since_death":57746,"minecraft:fall_one_cm":2811},"minecraft:used":{"minecraft:netherite_sword":9,"minecraft:grass_block":4,"minecraft:stone_pickaxe":34,"minecraft:barrier":39,"minecraft:oak_planks":21,"minecraft:wooden_pickaxe":2,"minecraft:oak_leaves":32,"minecraft:stone_axe":7,"minecraft:dirt":18,"minecraft:cobblestone":3,"minecraft:crafting_table":1,"minecraft:furnace":2,"minecraft:cooked_porkchop":2,"minecraft:splash_potion":572},"minecraft:killed":{"minecraft:skeleton":1,"minecraft:zombie":5}},"DataVersion":2586}