{"stats":{"minecraft:custom":{"minecraft:jump":212,"minecraft:time_since_rest":27168,"minecraft:crouch_one_cm":301,"minecraft:play_one_minute":27168,"minecraft:leave_game":5,"minecraft:sprint_one_cm":11209,"minecraft:walk_on_water_one_cm":542,"minecraft:time_since_death":27168,"minecraft:walk_one_cm":34122,"minecraft:sneak_time":261,"minecraft:walk_under_water_one_cm":2127,"minecraft:fall_one_cm":4356,"minecraft:fly_one_cm":15767},"minecraft:mined":{"minecraft:grass":1,"minecraft:dirt":1},"minecraft:picked_up":{"minecraft:dirt":1},"minecraft:used":{"minecraft:dirt":1}},"DataVersion":2586}