{"stats":{"minecraft:picked_up":{"minecraft:iron_chestplate":1,"minecraft:crafting_table":7,"minecraft:wheat":2,"minecraft:andesite":71,"minecraft:leather":13,"minecraft:wooden_pickaxe":1,"minecraft:oak_log":18,"minecraft:gunpowder":1,"minecraft:lapis_lazuli":17,"minecraft:dirt":70,"minecraft:string":4,"minecraft:bone":3,"minecraft:wheat_seeds":3,"minecraft:iron_ingot":26,"minecraft:beef":19,"minecraft:iron_ore":31,"minecraft:iron_pickaxe":1,"minecraft:oak_planks":58,"minecraft:furnace":4,"minecraft:stick":2,"minecraft:cooked_porkchop":26,"minecraft:torch":9,"minecraft:porkchop":34,"minecraft:diorite":33,"minecraft:carrot":1,"minecraft:redstone":77,"minecraft:gold_ore":1,"minecraft:spider_eye":2,"minecraft:arrow":1,"minecraft:rotten_flesh":20,"minecraft:diamond":29,"minecraft:granite":41,"minecraft:emerald":1,"minecraft:golden_horse_armor":1,"minecraft:oak_sapling":2,"minecraft:netherrack":1,"minecraft:mutton":7,"minecraft:coal":104,"minecraft:white_wool":5,"minecraft:cobblestone":1008},"minecraft:custom":{"minecraft:interact_with_furnace":40,"minecraft:mob_kills":44,"minecraft:interact_with_crafting_table":40,"minecraft:play_one_minute":207727,"minecraft:leave_game":7,"minecraft:time_since_death":207727,"minecraft:time_since_rest":207727,"minecraft:sprint_one_cm":273944,"minecraft:damage_taken":528,"minecraft:walk_one_cm":390948,"minecraft:drop":61,"minecraft:damage_dealt":5083,"minecraft:swim_one_cm":2013,"minecraft:fly_one_cm":206215,"minecraft:open_chest":4,"minecraft:crouch_one_cm":88542,"minecraft:sneak_time":31429,"minecraft:walk_under_water_one_cm":5515,"minecraft:jump":1272,"minecraft:walk_on_water_one_cm":7921,"minecraft:fall_one_cm":15396},"minecraft:used":{"minecraft:netherite_sword":9,"minecraft:diorite":1,"minecraft:iron_shovel":44,"minecraft:stone_pickaxe":130,"minecraft:oak_planks":21,"minecraft:wooden_pickaxe":2,"minecraft:shield":2,"minecraft:rotten_flesh":4,"minecraft:oak_leaves":32,"minecraft:torch":68,"minecraft:dirt":30,"minecraft:crafting_table":7,"minecraft:grass_block":4,"minecraft:string":4,"minecraft:barrier":39,"minecraft:iron_pickaxe":1977,"minecraft:stone_axe":78,"minecraft:golden_sword":16,"minecraft:cobblestone":146,"minecraft:furnace":7,"minecraft:cooked_porkchop":10,"minecraft:andesite":2,"minecraft:golden_axe":32,"minecraft:splash_potion":572},"minecraft:broken":{"minecraft:stone_pickaxe":1,"minecraft:golden_axe":1,"minecraft:iron_pickaxe":8},"minecraft:dropped":{"minecraft:gold_ore":1,"minecraft:bread":2,"minecraft:stone_axe":1,"minecraft:porkchop":17,"minecraft:wheat_seeds":2,"minecraft:stone_sword":1,"minecraft:golden_horse_armor":2,"minecraft:cooked_porkchop":100,"minecraft:wheat":4,"minecraft:iron_helmet":1,"minecraft:cobblestone":264,"minecraft:rotten_flesh":10,"minecraft:iron_boots":1,"minecraft:granite":28,"minecraft:stick":4,"minecraft:dirt":40,"minecraft:shield":1,"minecraft:diorite":32,"minecraft:iron_chestplate":2,"minecraft:andesite":69,"minecraft:oak_sapling":2,"minecraft:iron_leggings":1,"minecraft:gold_nugget":4,"minecraft:spider_eye":2,"minecraft:golden_hoe":1,"minecraft:iron_ore":1,"minecraft:arrow":1,"minecraft:wooden_pickaxe":1,"minecraft:white_wool":2,"minecraft:netherrack":1,"minecraft:redstone":5},"minecraft:killed":{"minecraft:pig":8,"minecraft:spider":2,"minecraft:creeper":1,"minecraft:sheep":5,"minecraft:skeleton":2,"minecraft:zombie":11,"minecraft:cow":13},"minecraft:crafted":{"minecraft:oak_planks":48,"minecraft:cooked_porkchop":17,"minecraft:crafting_table":1,"minecraft:iron_helmet":2,"minecraft:furnace":3,"minecraft:stone_axe":1,"minecraft:air":0,"minecraft:diamond_pickaxe":1,"minecraft:iron_chestplate":2,"minecraft:iron_boots":2,"minecraft:shield":2,"minecraft:stick":40,"minecraft:iron_ingot":50,"minecraft:iron_pickaxe":8,"minecraft:stone_pickaxe":1,"minecraft:stone_sword":1,"minecraft:iron_shovel":1,"minecraft:iron_leggings":2,"minecraft:gold_ingot":6,"minecraft:white_bed":1,"minecraft:torch":52},"minecraft:mined":{"minecraft:diamond_ore":26,"minecraft:oak_fence":2,"minecraft:crafting_table":6,"minecraft:torch":4,"minecraft:granite":46,"minecraft:emerald_ore":1,"minecraft:grass_block":2,"minecraft:cobblestone":15,"minecraft:lapis_ore":3,"minecraft:oak_planks":45,"minecraft:diorite":69,"minecraft:wall_torch":4,"minecraft:redstone_ore":19,"minecraft:furnace":4,"minecraft:iron_ore":35,"minecraft:andesite":126,"minecraft:grass":8,"minecraft:coal_ore":76,"minecraft:oak_log":12,"minecraft:gravel":14,"minecraft:dirt":42,"minecraft:cobweb":2,"minecraft:stone":1681,"minecraft:netherrack":1,"minecraft:gold_ore":1,"minecraft:oak_leaves":1}},"DataVersion":2586}