{"stats":{"minecraft:custom":{"minecraft:mob_kills":74,"minecraft:interact_with_crafting_table":98,"minecraft:bell_ring":37,"minecraft:leave_game":10,"minecraft:time_since_death":430015,"minecraft:climb_one_cm":1221,"minecraft:sprint_one_cm":744824,"minecraft:walk_one_cm":946275,"minecraft:drop":153,"minecraft:talked_to_villager":55,"minecraft:sneak_time":82530,"minecraft:walk_under_water_one_cm":7007,"minecraft:boat_one_cm":131251,"minecraft:jump":4912,"minecraft:walk_on_water_one_cm":14627,"minecraft:interact_with_furnace":97,"minecraft:play_one_minute":430015,"minecraft:sleep_in_bed":9,"minecraft:time_since_rest":714,"minecraft:damage_taken":1848,"minecraft:damage_dealt":10910,"minecraft:swim_one_cm":4060,"minecraft:fly_one_cm":1042987,"minecraft:open_chest":47,"minecraft:crouch_one_cm":257795,"minecraft:fall_one_cm":93170,"minecraft:horse_one_cm":101515},"minecraft:used":{"minecraft:oak_trapdoor":36,"minecraft:netherite_sword":9,"minecraft:iron_shovel":251,"minecraft:flint_and_steel":2,"minecraft:chest":2,"minecraft:shield":24,"minecraft:rotten_flesh":5,"minecraft:player_head":4,"minecraft:netherrack":6,"minecraft:torch":150,"minecraft:brewing_stand":1,"minecraft:dirt":367,"minecraft:granite":3,"minecraft:oak_fence_gate":12,"minecraft:glass":28,"minecraft:lava_bucket":22,"minecraft:iron_axe":193,"minecraft:grass_block":4,"minecraft:golden_sword":19,"minecraft:bow":10,"minecraft:furnace":7,"minecraft:minecart":2,"minecraft:cooked_beef":26,"minecraft:golden_axe":32,"minecraft:water_bucket":17,"minecraft:warped_stem":3,"minecraft:diorite":1,"minecraft:stone_pickaxe":130,"minecraft:oak_planks":21,"minecraft:wooden_pickaxe":2,"minecraft:composter":1,"minecraft:oak_leaves":32,"minecraft:rail":75,"minecraft:crafting_table":10,"minecraft:blast_furnace":1,"minecraft:white_bed":8,"minecraft:diamond_pickaxe":902,"minecraft:diamond_shovel":459,"minecraft:string":4,"minecraft:iron_pickaxe":3830,"minecraft:barrier":39,"minecraft:stone_axe":78,"minecraft:cobblestone":549,"minecraft:grindstone":2,"minecraft:white_banner":1,"minecraft:cooked_porkchop":15,"minecraft:andesite":2,"minecraft:bucket":41,"minecraft:oak_boat":4,"minecraft:splash_potion":573},"minecraft:crafted":{"minecraft:smooth_stone":3,"minecraft:oak_planks":276,"minecraft:furnace":4,"minecraft:blast_furnace":1,"minecraft:stone":3,"minecraft:diamond_shovel":1,"minecraft:flint_and_steel":1,"minecraft:oak_trapdoor":36,"minecraft:glass":37,"minecraft:hopper":4,"minecraft:diamond_helmet":1,"minecraft:diamond_leggings":1,"minecraft:iron_boots":2,"minecraft:iron_axe":1,"minecraft:stone_pickaxe":1,"minecraft:chest":8,"minecraft:diamond_boots":1,"minecraft:rail":32,"minecraft:golden_helmet":2,"minecraft:minecart":1,"minecraft:oak_slab":12,"minecraft:cooked_porkchop":17,"minecraft:crafting_table":2,"minecraft:iron_helmet":2,"minecraft:bucket":4,"minecraft:brewing_stand":1,"minecraft:stone_axe":1,"minecraft:air":0,"minecraft:oak_fence_gate":12,"minecraft:oak_boat":1,"minecraft:golden_apple":1,"minecraft:iron_chestplate":2,"minecraft:diamond_pickaxe":2,"minecraft:shield":3,"minecraft:stick":132,"minecraft:iron_ingot":137,"minecraft:iron_pickaxe":15,"minecraft:stone_sword":1,"minecraft:iron_shovel":1,"minecraft:iron_leggings":2,"minecraft:gold_ingot":24,"minecraft:white_bed":1,"minecraft:composter":1,"minecraft:torch":132,"minecraft:diamond_chestplate":1},"minecraft:killed":{"minecraft:spider":2,"minecraft:skeleton":6,"minecraft:pig":8,"minecraft:bat":1,"minecraft:creeper":4,"minecraft:sheep":5,"minecraft:zombie":13,"minecraft:wither_skeleton":14,"minecraft:enderman":1,"minecraft:blaze":3,"minecraft:cow":15},"minecraft:mined":{"minecraft:diamond_ore":47,"minecraft:white_bed":6,"minecraft:brewing_stand":1,"minecraft:obsidian":1,"minecraft:granite":142,"minecraft:grass_block":261,"minecraft:spruce_leaves":5,"minecraft:cartography_table":2,"minecraft:composter":1,"minecraft:large_fern":1,"minecraft:redstone_ore":37,"minecraft:furnace":7,"minecraft:iron_ore":137,"minecraft:fire":13,"minecraft:andesite":304,"minecraft:rail":62,"minecraft:warped_stem":36,"minecraft:stone":3647,"minecraft:player_head":2,"minecraft:player_wall_head":2,"minecraft:oak_fence":2,"minecraft:crafting_table":8,"minecraft:torch":4,"minecraft:emerald_ore":2,"minecraft:tall_grass":14,"minecraft:cobblestone":53,"minecraft:lapis_ore":3,"minecraft:grindstone":3,"minecraft:oak_planks":45,"minecraft:diorite":182,"minecraft:wall_torch":8,"minecraft:warped_fungus":1,"minecraft:grass_path":5,"minecraft:grass":69,"minecraft:oak_log":69,"minecraft:coal_ore":153,"minecraft:sand":47,"minecraft:gravel":58,"minecraft:dirt":362,"minecraft:cobweb":2,"minecraft:stonecutter":1,"minecraft:netherrack":55,"minecraft:gold_ore":11,"minecraft:oak_leaves":5},"minecraft:dropped":{"minecraft:gold_ore":1,"minecraft:bread":2,"minecraft:porkchop":17,"minecraft:wheat_seeds":11,"minecraft:golden_helmet":2,"minecraft:warped_fungus":1,"minecraft:oak_log":4,"minecraft:golden_horse_armor":2,"minecraft:cooked_porkchop":100,"minecraft:iron_helmet":2,"minecraft:cobblestone":1515,"minecraft:warped_roots":2,"minecraft:granite":53,"minecraft:saddle":1,"minecraft:flint":3,"minecraft:stick":6,"minecraft:dirt":208,"minecraft:diorite":82,"minecraft:iron_leggings":2,"minecraft:gold_nugget":4,"minecraft:golden_hoe":1,"minecraft:iron_axe":1,"minecraft:white_wool":2,"minecraft:redstone":93,"minecraft:gravel":19,"minecraft:stone_axe":1,"minecraft:iron_nugget":16,"minecraft:stone_sword":1,"minecraft:wheat":4,"minecraft:rotten_flesh":10,"minecraft:iron_boots":3,"minecraft:flint_and_steel":1,"minecraft:shield":1,"minecraft:diamond_chestplate":1,"minecraft:diamond_pickaxe":1,"minecraft:iron_chestplate":3,"minecraft:andesite":180,"minecraft:oak_sapling":2,"minecraft:golden_sword":1,"minecraft:spider_eye":2,"minecraft:iron_ore":1,"minecraft:arrow":2,"minecraft:wooden_pickaxe":1,"minecraft:netherrack":204},"minecraft:picked_up":{"minecraft:iron_chestplate":1,"minecraft:crafting_table":9,"minecraft:wheat":2,"minecraft:splash_potion":1,"minecraft:wooden_pickaxe":1,"minecraft:brewing_stand":1,"minecraft:shield":2,"minecraft:string":4,"minecraft:iron_axe":2,"minecraft:flint_and_steel":1,"minecraft:diamond_leggings":1,"minecraft:cartography_table":2,"minecraft:bucket":1,"minecraft:beef":24,"minecraft:oak_boat":4,"minecraft:player_head":4,"minecraft:iron_pickaxe":2,"minecraft:minecart":2,"minecraft:iron_boots":1,"minecraft:furnace":7,"minecraft:golden_helmet":1,"minecraft:stick":5,"minecraft:composter":1,"minecraft:torch":15,"minecraft:porkchop":34,"minecraft:diorite":83,"minecraft:carrot":1,"minecraft:redstone":152,"minecraft:arrow":11,"minecraft:rotten_flesh":22,"minecraft:diamond_chestplate":1,"minecraft:diamond_boots":1,"minecraft:blaze_rod":1,"minecraft:obsidian":3,"minecraft:mutton":7,"minecraft:rail":73,"minecraft:white_wool":5,"minecraft:cobblestone":2428,"minecraft:cooked_beef":35,"minecraft:andesite":182,"minecraft:leather":36,"minecraft:flint":4,"minecraft:oak_log":79,"minecraft:gunpowder":5,"minecraft:lapis_lazuli":17,"minecraft:dirt":672,"minecraft:white_banner":1,"minecraft:cooked_mutton":25,"minecraft:bone":28,"minecraft:stonecutter":1,"minecraft:bow":1,"minecraft:wheat_seeds":13,"minecraft:warped_stem":65,"minecraft:grindstone":3,"minecraft:iron_ingot":58,"minecraft:iron_ore":133,"minecraft:oak_planks":58,"minecraft:warped_fungus":1,"minecraft:cooked_porkchop":61,"minecraft:gravel":19,"minecraft:sand":37,"minecraft:white_bed":7,"minecraft:gold_ore":11,"minecraft:spectral_arrow":11,"minecraft:spider_eye":2,"minecraft:diamond":50,"minecraft:granite":64,"minecraft:emerald":2,"minecraft:golden_horse_armor":1,"minecraft:warped_roots":2,"minecraft:oak_sapling":2,"minecraft:netherrack":104,"minecraft:coal":213,"minecraft:ender_pearl":1,"minecraft:diamond_pickaxe":2},"minecraft:broken":{"minecraft:iron_shovel":1,"minecraft:stone_pickaxe":1,"minecraft:golden_axe":1,"minecraft:iron_axe":1,"minecraft:iron_pickaxe":16}},"DataVersion":2586}