{"stats":{"minecraft:crafted":{"minecraft:oak_planks":48,"minecraft:crafting_table":1,"minecraft:iron_helmet":2,"minecraft:furnace":3,"minecraft:stone_axe":1,"minecraft:air":0,"minecraft:iron_boots":2,"minecraft:iron_chestplate":2,"minecraft:shield":2,"minecraft:stick":32,"minecraft:iron_ingot":50,"minecraft:iron_pickaxe":6,"minecraft:stone_pickaxe":1,"minecraft:stone_sword":1,"minecraft:iron_shovel":1,"minecraft:iron_leggings":2,"minecraft:gold_ingot":6,"minecraft:torch":44},"minecraft:dropped":{"minecraft:gold_ore":1,"minecraft:bread":2,"minecraft:stone_axe":1,"minecraft:wheat_seeds":2,"minecraft:stone_sword":1,"minecraft:golden_horse_armor":1,"minecraft:cooked_porkchop":100,"minecraft:wheat":2,"minecraft:iron_helmet":1,"minecraft:cobblestone":103,"minecraft:rotten_flesh":10,"minecraft:iron_boots":1,"minecraft:granite":26,"minecraft:stick":4,"minecraft:dirt":13,"minecraft:shield":1,"minecraft:diorite":31,"minecraft:iron_chestplate":2,"minecraft:andesite":64,"minecraft:oak_sapling":2,"minecraft:iron_leggings":1,"minecraft:spider_eye":2,"minecraft:gold_nugget":4,"minecraft:golden_hoe":1,"minecraft:iron_ore":1,"minecraft:arrow":1,"minecraft:wooden_pickaxe":1,"minecraft:netherrack":1},"minecraft:picked_up":{"minecraft:wheat":2,"minecraft:iron_chestplate":1,"minecraft:crafting_table":7,"minecraft:andesite":65,"minecraft:leather":13,"minecraft:wooden_pickaxe":1,"minecraft:oak_log":18,"minecraft:gunpowder":1,"minecraft:lapis_lazuli":17,"minecraft:dirt":70,"minecraft:string":4,"minecraft:bone":3,"minecraft:wheat_seeds":3,"minecraft:iron_ingot":26,"minecraft:beef":19,"minecraft:iron_ore":30,"minecraft:iron_pickaxe":1,"minecraft:oak_planks":27,"minecraft:furnace":4,"minecraft:stick":2,"minecraft:cooked_porkchop":26,"minecraft:torch":6,"minecraft:porkchop":17,"minecraft:diorite":31,"minecraft:carrot":1,"minecraft:redstone":51,"minecraft:gold_ore":1,"minecraft:spider_eye":2,"minecraft:arrow":1,"minecraft:rotten_flesh":20,"minecraft:diamond":14,"minecraft:granite":34,"minecraft:golden_horse_armor":1,"minecraft:oak_sapling":2,"minecraft:netherrack":1,"minecraft:mutton":7,"minecraft:coal":103,"minecraft:white_wool":5,"minecraft:cobblestone":642},"minecraft:mined":{"minecraft:diamond_ore":11,"minecraft:oak_fence":2,"minecraft:crafting_table":6,"minecraft:torch":4,"minecraft:granite":39,"minecraft:grass_block":2,"minecraft:cobblestone":11,"minecraft:lapis_ore":3,"minecraft:oak_planks":13,"minecraft:diorite":53,"minecraft:wall_torch":1,"minecraft:redstone_ore":13,"minecraft:furnace":4,"minecraft:iron_ore":34,"minecraft:andesite":111,"minecraft:grass":8,"minecraft:oak_log":12,"minecraft:coal_ore":71,"minecraft:gravel":12,"minecraft:dirt":42,"minecraft:cobweb":2,"minecraft:stone":1137,"minecraft:netherrack":1,"minecraft:gold_ore":1,"minecraft:oak_leaves":1},"minecraft:broken":{"minecraft:stone_pickaxe":1,"minecraft:iron_pickaxe":6},"minecraft:custom":{"minecraft:interact_with_furnace":29,"minecraft:mob_kills":44,"minecraft:interact_with_crafting_table":32,"minecraft:play_one_minute":172240,"minecraft:leave_game":4,"minecraft:time_since_death":172240,"minecraft:time_since_rest":172240,"minecraft:sprint_one_cm":197026,"minecraft:damage_taken":528,"minecraft:walk_one_cm":272573,"minecraft:drop":46,"minecraft:damage_dealt":5083,"minecraft:swim_one_cm":2013,"minecraft:fly_one_cm":203764,"minecraft:open_chest":3,"minecraft:crouch_one_cm":65681,"minecraft:sneak_time":24758,"minecraft:walk_under_water_one_cm":5515,"minecraft:jump":1213,"minecraft:walk_on_water_one_cm":7921,"minecraft:fall_one_cm":14862},"minecraft:killed":{"minecraft:pig":8,"minecraft:spider":2,"minecraft:creeper":1,"minecraft:sheep":5,"minecraft:skeleton":2,"minecraft:zombie":11,"minecraft:cow":13},"minecraft:used":{"minecraft:netherite_sword":9,"minecraft:iron_shovel":42,"minecraft:stone_pickaxe":130,"minecraft:oak_planks":21,"minecraft:wooden_pickaxe":2,"minecraft:shield":2,"minecraft:rotten_flesh":4,"minecraft:oak_leaves":32,"minecraft:torch":59,"minecraft:dirt":30,"minecraft:crafting_table":7,"minecraft:grass_block":4,"minecraft:string":4,"minecraft:barrier":39,"minecraft:iron_pickaxe":1360,"minecraft:stone_axe":78,"minecraft:golden_sword":16,"minecraft:cobblestone":128,"minecraft:furnace":4,"minecraft:cooked_porkchop":8,"minecraft:andesite":1,"minecraft:splash_potion":572}},"DataVersion":2586}