{"stats":{"minecraft:crafted":{"minecraft:oak_planks":48,"minecraft:furnace":1,"minecraft:stone_axe":1,"minecraft:air":0,"minecraft:shield":2,"minecraft:stick":8,"minecraft:iron_ingot":8,"minecraft:iron_pickaxe":1,"minecraft:stone_pickaxe":1,"minecraft:stone_sword":1,"minecraft:torch":8},"minecraft:dropped":{"minecraft:cooked_porkchop":100,"minecraft:shield":1,"minecraft:wooden_pickaxe":1},"minecraft:picked_up":{"minecraft:crafting_table":4,"minecraft:leather":13,"minecraft:wooden_pickaxe":1,"minecraft:oak_log":18,"minecraft:gunpowder":1,"minecraft:dirt":32,"minecraft:bone":1,"minecraft:wheat_seeds":3,"minecraft:beef":19,"minecraft:iron_ore":15,"minecraft:oak_planks":19,"minecraft:furnace":1,"minecraft:stick":2,"minecraft:cooked_porkchop":26,"minecraft:torch":2,"minecraft:porkchop":17,"minecraft:carrot":1,"minecraft:arrow":1,"minecraft:rotten_flesh":17,"minecraft:oak_sapling":2,"minecraft:coal":3,"minecraft:mutton":7,"minecraft:white_wool":5,"minecraft:cobblestone":22},"minecraft:mined":{"minecraft:crafting_table":4,"minecraft:torch":2,"minecraft:grass_block":2,"minecraft:cobblestone":1,"minecraft:oak_planks":4,"minecraft:furnace":1,"minecraft:iron_ore":15,"minecraft:grass":8,"minecraft:coal_ore":3,"minecraft:oak_log":12,"minecraft:dirt":3,"minecraft:stone":18,"minecraft:oak_leaves":1},"minecraft:custom":{"minecraft:interact_with_furnace":7,"minecraft:mob_kills":39,"minecraft:interact_with_crafting_table":13,"minecraft:play_one_minute":69746,"minecraft:leave_game":2,"minecraft:time_since_death":69746,"minecraft:time_since_rest":69746,"minecraft:sprint_one_cm":91269,"minecraft:damage_taken":460,"minecraft:walk_one_cm":131363,"minecraft:drop":12,"minecraft:damage_dealt":3999,"minecraft:swim_one_cm":2013,"minecraft:fly_one_cm":157025,"minecraft:open_chest":3,"minecraft:crouch_one_cm":15752,"minecraft:sneak_time":6550,"minecraft:walk_under_water_one_cm":4957,"minecraft:jump":809,"minecraft:walk_on_water_one_cm":1466,"minecraft:fall_one_cm":9830},"minecraft:killed":{"minecraft:pig":8,"minecraft:spider":1,"minecraft:creeper":1,"minecraft:sheep":5,"minecraft:skeleton":1,"minecraft:zombie":8,"minecraft:cow":13},"minecraft:used":{"minecraft:netherite_sword":9,"minecraft:stone_pickaxe":37,"minecraft:oak_planks":21,"minecraft:wooden_pickaxe":2,"minecraft:shield":1,"minecraft:rotten_flesh":4,"minecraft:oak_leaves":32,"minecraft:torch":5,"minecraft:dirt":19,"minecraft:crafting_table":3,"minecraft:grass_block":4,"minecraft:barrier":39,"minecraft:iron_pickaxe":2,"minecraft:stone_axe":64,"minecraft:cobblestone":5,"minecraft:furnace":2,"minecraft:cooked_porkchop":5,"minecraft:splash_potion":572}},"DataVersion":2586}