{"stats":{"minecraft:killed_by":{"minecraft:skeleton":1},"minecraft:mined":{"minecraft:grass":1,"minecraft:dirt":3,"minecraft:player_wall_head":1},"minecraft:picked_up":{"minecraft:zombie_spawn_egg":1,"minecraft:rotten_flesh":2,"minecraft:porkchop":2,"minecraft:sand":55,"minecraft:villager_spawn_egg":1,"minecraft:player_head":1,"minecraft:dirt":3},"minecraft:dropped":{"minecraft:villager_spawn_egg":1,"minecraft:zombie_spawn_egg":1,"minecraft:player_head":1},"minecraft:used":{"minecraft:sand":41,"minecraft:dirt":2,"minecraft:tnt":297,"minecraft:pig_spawn_egg":4050},"minecraft:custom":{"minecraft:time_since_rest":16928,"minecraft:crouch_one_cm":901,"minecraft:play_one_minute":59219,"minecraft:sprint_one_cm":13019,"minecraft:damage_taken":220,"minecraft:deaths":1,"minecraft:walk_one_cm":66949,"minecraft:sneak_time":1108,"minecraft:walk_under_water_one_cm":47649,"minecraft:mob_kills":4,"minecraft:drop":3,"minecraft:jump":278,"minecraft:damage_dealt":201,"minecraft:leave_game":6,"minecraft:walk_on_water_one_cm":1794,"minecraft:time_since_death":16781,"minecraft:fall_one_cm":5026,"minecraft:fly_one_cm":141820},"minecraft:killed":{"minecraft:spider":1}},"DataVersion":2586}