{"stats":{"minecraft:dropped":{"minecraft:cooked_porkchop":100},"minecraft:picked_up":{"minecraft:cooked_porkchop":16,"minecraft:rotten_flesh":6,"minecraft:wheat_seeds":1},"minecraft:mined":{"minecraft:oak_leaves":1},"minecraft:custom":{"minecraft:time_since_rest":45746,"minecraft:play_one_minute":45746,"minecraft:crouch_one_cm":9007,"minecraft:sprint_one_cm":22402,"minecraft:walk_one_cm":61070,"minecraft:damage_taken":125,"minecraft:sneak_time":3767,"minecraft:mob_kills":5,"minecraft:drop":10,"minecraft:jump":296,"minecraft:damage_dealt":589,"minecraft:leave_game":2,"minecraft:time_since_death":45746,"minecraft:walk_on_water_one_cm":25,"minecraft:fall_one_cm":1555,"minecraft:fly_one_cm":82531},"minecraft:killed":{"minecraft:zombie":5},"minecraft:used":{"minecraft:oak_leaves":32,"minecraft:netherite_sword":9,"minecraft:grass_block":4,"minecraft:barrier":39,"minecraft:splash_potion":537}},"DataVersion":2586}