{"stats":{"minecraft:picked_up":{"minecraft:crafting_table":7,"minecraft:iron_chestplate":1,"minecraft:wheat":2,"minecraft:wooden_pickaxe":1,"minecraft:string":4,"minecraft:beef":19,"minecraft:iron_pickaxe":1,"minecraft:iron_boots":1,"minecraft:furnace":7,"minecraft:stick":2,"minecraft:torch":15,"minecraft:porkchop":34,"minecraft:diorite":83,"minecraft:carrot":1,"minecraft:redstone":152,"minecraft:rotten_flesh":20,"minecraft:arrow":1,"minecraft:diamond_chestplate":1,"minecraft:mutton":7,"minecraft:white_wool":5,"minecraft:cobblestone":2225,"minecraft:andesite":123,"minecraft:leather":13,"minecraft:flint":4,"minecraft:oak_log":18,"minecraft:gunpowder":2,"minecraft:lapis_lazuli":17,"minecraft:dirt":70,"minecraft:bone":4,"minecraft:wheat_seeds":3,"minecraft:iron_ingot":58,"minecraft:iron_ore":133,"minecraft:oak_planks":58,"minecraft:cooked_porkchop":26,"minecraft:gravel":10,"minecraft:gold_ore":11,"minecraft:spider_eye":2,"minecraft:diamond":50,"minecraft:granite":64,"minecraft:golden_horse_armor":1,"minecraft:emerald":2,"minecraft:oak_sapling":2,"minecraft:coal":205,"minecraft:netherrack":1,"minecraft:diamond_pickaxe":1,"minecraft:ender_pearl":1},"minecraft:custom":{"minecraft:mob_kills":49,"minecraft:interact_with_crafting_table":59,"minecraft:leave_game":8,"minecraft:time_since_death":287097,"minecraft:sprint_one_cm":398494,"minecraft:walk_one_cm":637254,"minecraft:drop":120,"minecraft:sneak_time":65677,"minecraft:walk_under_water_one_cm":5515,"minecraft:jump":1497,"minecraft:walk_on_water_one_cm":8220,"minecraft:interact_with_furnace":68,"minecraft:play_one_minute":287097,"minecraft:time_since_rest":287097,"minecraft:damage_taken":592,"minecraft:damage_dealt":6263,"minecraft:swim_one_cm":2013,"minecraft:fly_one_cm":217988,"minecraft:open_chest":4,"minecraft:crouch_one_cm":193462,"minecraft:fall_one_cm":15663},"minecraft:broken":{"minecraft:stone_pickaxe":1,"minecraft:golden_axe":1,"minecraft:iron_pickaxe":16},"minecraft:used":{"minecraft:netherite_sword":9,"minecraft:iron_shovel":111,"minecraft:shield":8,"minecraft:rotten_flesh":4,"minecraft:torch":148,"minecraft:dirt":30,"minecraft:granite":3,"minecraft:grass_block":4,"minecraft:iron_axe":15,"minecraft:golden_sword":19,"minecraft:furnace":7,"minecraft:golden_axe":32,"minecraft:diorite":1,"minecraft:stone_pickaxe":130,"minecraft:oak_planks":21,"minecraft:wooden_pickaxe":2,"minecraft:oak_leaves":32,"minecraft:crafting_table":7,"minecraft:diamond_pickaxe":475,"minecraft:barrier":39,"minecraft:string":4,"minecraft:iron_pickaxe":3830,"minecraft:stone_axe":78,"minecraft:cobblestone":381,"minecraft:cooked_porkchop":13,"minecraft:andesite":2,"minecraft:splash_potion":572},"minecraft:dropped":{"minecraft:gold_ore":1,"minecraft:bread":2,"minecraft:porkchop":17,"minecraft:wheat_seeds":2,"minecraft:golden_horse_armor":2,"minecraft:cooked_porkchop":100,"minecraft:iron_helmet":2,"minecraft:cobblestone":1455,"minecraft:granite":53,"minecraft:stick":4,"minecraft:dirt":40,"minecraft:diorite":82,"minecraft:iron_leggings":2,"minecraft:gold_nugget":4,"minecraft:golden_hoe":1,"minecraft:white_wool":2,"minecraft:redstone":93,"minecraft:gravel":10,"minecraft:stone_axe":1,"minecraft:iron_nugget":16,"minecraft:stone_sword":1,"minecraft:wheat":4,"minecraft:rotten_flesh":10,"minecraft:iron_boots":3,"minecraft:shield":1,"minecraft:diamond_chestplate":1,"minecraft:diamond_pickaxe":1,"minecraft:iron_chestplate":3,"minecraft:andesite":121,"minecraft:oak_sapling":2,"minecraft:golden_sword":1,"minecraft:spider_eye":2,"minecraft:iron_ore":1,"minecraft:arrow":1,"minecraft:wooden_pickaxe":1,"minecraft:netherrack":1},"minecraft:killed":{"minecraft:spider":2,"minecraft:skeleton":3,"minecraft:pig":8,"minecraft:bat":1,"minecraft:creeper":2,"minecraft:sheep":5,"minecraft:zombie":12,"minecraft:cow":13,"minecraft:enderman":1},"minecraft:crafted":{"minecraft:oak_planks":48,"minecraft:furnace":3,"minecraft:iron_boots":2,"minecraft:diamond_helmet":1,"minecraft:diamond_leggings":1,"minecraft:iron_axe":1,"minecraft:stone_pickaxe":1,"minecraft:diamond_boots":1,"minecraft:cooked_porkchop":17,"minecraft:crafting_table":1,"minecraft:iron_helmet":2,"minecraft:stone_axe":1,"minecraft:air":0,"minecraft:iron_chestplate":2,"minecraft:diamond_pickaxe":2,"minecraft:shield":2,"minecraft:stick":76,"minecraft:iron_ingot":137,"minecraft:iron_pickaxe":15,"minecraft:stone_sword":1,"minecraft:gold_ingot":16,"minecraft:iron_shovel":1,"minecraft:iron_leggings":2,"minecraft:white_bed":1,"minecraft:torch":124,"minecraft:diamond_chestplate":1},"minecraft:mined":{"minecraft:diamond_ore":47,"minecraft:granite":109,"minecraft:grass_block":4,"minecraft:redstone_ore":37,"minecraft:furnace":7,"minecraft:iron_ore":137,"minecraft:andesite":252,"minecraft:stone":3448,"minecraft:oak_fence":2,"minecraft:crafting_table":6,"minecraft:torch":4,"minecraft:emerald_ore":2,"minecraft:cobblestone":37,"minecraft:lapis_ore":3,"minecraft:oak_planks":45,"minecraft:diorite":182,"minecraft:wall_torch":8,"minecraft:grass":8,"minecraft:oak_log":12,"minecraft:coal_ore":153,"minecraft:gravel":58,"minecraft:dirt":65,"minecraft:cobweb":2,"minecraft:netherrack":1,"minecraft:gold_ore":11,"minecraft:oak_leaves":1}},"DataVersion":2586}