{"stats":{"minecraft:crafted":{"minecraft:oak_planks":48,"minecraft:furnace":3,"minecraft:stone_axe":1,"minecraft:air":0,"minecraft:iron_chestplate":2,"minecraft:shield":2,"minecraft:stick":16,"minecraft:iron_ingot":50,"minecraft:iron_pickaxe":1,"minecraft:stone_pickaxe":1,"minecraft:stone_sword":1,"minecraft:gold_ingot":2,"minecraft:torch":44},"minecraft:dropped":{"minecraft:cooked_porkchop":100,"minecraft:granite":8,"minecraft:shield":1,"minecraft:iron_chestplate":2,"minecraft:wooden_pickaxe":1},"minecraft:picked_up":{"minecraft:iron_chestplate":1,"minecraft:crafting_table":5,"minecraft:leather":13,"minecraft:wooden_pickaxe":1,"minecraft:oak_log":18,"minecraft:gunpowder":1,"minecraft:string":1,"minecraft:dirt":32,"minecraft:bone":3,"minecraft:wheat_seeds":3,"minecraft:beef":19,"minecraft:iron_ore":27,"minecraft:oak_planks":26,"minecraft:furnace":1,"minecraft:stick":2,"minecraft:cooked_porkchop":26,"minecraft:torch":2,"minecraft:porkchop":17,"minecraft:carrot":1,"minecraft:arrow":1,"minecraft:rotten_flesh":19,"minecraft:granite":16,"minecraft:oak_sapling":2,"minecraft:netherrack":1,"minecraft:coal":33,"minecraft:mutton":7,"minecraft:white_wool":5,"minecraft:cobblestone":99},"minecraft:mined":{"minecraft:oak_fence":2,"minecraft:crafting_table":4,"minecraft:torch":2,"minecraft:granite":8,"minecraft:grass_block":2,"minecraft:cobblestone":3,"minecraft:oak_planks":13,"minecraft:furnace":1,"minecraft:iron_ore":26,"minecraft:grass":8,"minecraft:coal_ore":32,"minecraft:oak_log":12,"minecraft:dirt":3,"minecraft:cobweb":1,"minecraft:stone":92,"minecraft:netherrack":1,"minecraft:oak_leaves":1},"minecraft:broken":{"minecraft:stone_pickaxe":1},"minecraft:custom":{"minecraft:interact_with_furnace":26,"minecraft:mob_kills":41,"minecraft:interact_with_crafting_table":19,"minecraft:play_one_minute":81746,"minecraft:leave_game":2,"minecraft:time_since_death":81746,"minecraft:time_since_rest":81746,"minecraft:sprint_one_cm":122937,"minecraft:damage_taken":470,"minecraft:walk_one_cm":165192,"minecraft:drop":15,"minecraft:damage_dealt":4417,"minecraft:swim_one_cm":2013,"minecraft:fly_one_cm":171498,"minecraft:open_chest":3,"minecraft:crouch_one_cm":19945,"minecraft:sneak_time":9320,"minecraft:walk_under_water_one_cm":4957,"minecraft:jump":923,"minecraft:walk_on_water_one_cm":3608,"minecraft:fall_one_cm":10933},"minecraft:killed":{"minecraft:pig":8,"minecraft:spider":1,"minecraft:creeper":1,"minecraft:sheep":5,"minecraft:skeleton":2,"minecraft:zombie":9,"minecraft:cow":13},"minecraft:used":{"minecraft:netherite_sword":9,"minecraft:stone_pickaxe":130,"minecraft:oak_planks":21,"minecraft:wooden_pickaxe":2,"minecraft:shield":2,"minecraft:rotten_flesh":4,"minecraft:oak_leaves":32,"minecraft:torch":18,"minecraft:dirt":19,"minecraft:crafting_table":4,"minecraft:grass_block":4,"minecraft:string":1,"minecraft:barrier":39,"minecraft:iron_pickaxe":34,"minecraft:stone_axe":76,"minecraft:golden_sword":5,"minecraft:cobblestone":25,"minecraft:furnace":4,"minecraft:cooked_porkchop":6,"minecraft:splash_potion":572}},"DataVersion":2586}