{"stats":{"minecraft:picked_up":{"minecraft:rotten_flesh":6,"minecraft:wheat_seeds":1},"minecraft:mined":{"minecraft:oak_leaves":1},"minecraft:custom":{"minecraft:jump":194,"minecraft:walk_on_water_one_cm":25,"minecraft:time_since_rest":33746,"minecraft:damage_dealt":589,"minecraft:crouch_one_cm":4358,"minecraft:play_one_minute":33746,"minecraft:damage_taken":125,"minecraft:leave_game":2,"minecraft:sprint_one_cm":15581,"minecraft:time_since_death":33746,"minecraft:walk_one_cm":41056,"minecraft:sneak_time":1546,"minecraft:mob_kills":5,"minecraft:fall_one_cm":1555,"minecraft:fly_one_cm":76237},"minecraft:killed":{"minecraft:zombie":5},"minecraft:used":{"minecraft:barrier":12,"minecraft:oak_leaves":16,"minecraft:netherite_sword":9,"minecraft:splash_potion":354,"minecraft:grass_block":4}},"DataVersion":2586}