{"stats":{"minecraft:picked_up":{"minecraft:rotten_flesh":6,"minecraft:wheat_seeds":1},"minecraft:mined":{"minecraft:oak_leaves":1},"minecraft:custom":{"minecraft:jump":147,"minecraft:time_since_rest":21746,"minecraft:damage_dealt":589,"minecraft:crouch_one_cm":279,"minecraft:play_one_minute":21746,"minecraft:leave_game":2,"minecraft:sprint_one_cm":12851,"minecraft:time_since_death":21746,"minecraft:walk_one_cm":22813,"minecraft:sneak_time":250,"minecraft:mob_kills":5,"minecraft:fall_one_cm":896,"minecraft:fly_one_cm":62244},"minecraft:killed":{"minecraft:zombie":5},"minecraft:used":{"minecraft:netherite_sword":9}},"DataVersion":2586}