{"stats":{"minecraft:killed":{"minecraft:zombie":1},"minecraft:dropped":{"modieslanza:mochila":1,"minecraft:rotten_flesh":1,"minecraft:zombie_spawn_egg":2},"minecraft:custom":{"minecraft:time_since_rest":130525,"minecraft:crouch_one_cm":3456,"minecraft:sprint_one_cm":43189,"minecraft:play_time":130525,"minecraft:walk_one_cm":76900,"minecraft:sneak_time":1846,"minecraft:mob_kills":1,"minecraft:drop":4,"minecraft:aviate_one_cm":600360,"minecraft:jump":674,"minecraft:damage_dealt":194,"minecraft:leave_game":17,"minecraft:play_record":7,"minecraft:time_since_death":130525,"minecraft:climb_one_cm":45,"minecraft:total_world_time":130525,"minecraft:fall_one_cm":209,"minecraft:fly_one_cm":419322},"minecraft:picked_up":{"minecraft:rotten_flesh":2,"modieslanza:mochila":1,"biomesoplenty:music_disc_wanderer":1,"modieslanza:hollowme":5},"minecraft:used":{"mcore:steel_chestplate":1,"biomesoplenty:music_disc_wanderer":1,"mcore:steel_helmet":1,"minecraft:firework_rocket":165,"mcore:steel_leggings":1,"modieslanza:hollowme":6,"minecraft:elytra":1,"minecraft:blackstone":13,"minecraft:zombie_spawn_egg":1,"mcore:steel_boots":1,"minecraft:jukebox":6}},"DataVersion":3465}