{"stats":{"minecraft:crafted":{"minecraft:oak_planks":48,"minecraft:iron_helmet":2,"minecraft:furnace":3,"minecraft:stone_axe":1,"minecraft:air":0,"minecraft:iron_boots":2,"minecraft:iron_chestplate":2,"minecraft:shield":2,"minecraft:stick":20,"minecraft:iron_ingot":50,"minecraft:iron_pickaxe":1,"minecraft:stone_pickaxe":1,"minecraft:iron_shovel":1,"minecraft:stone_sword":1,"minecraft:iron_leggings":2,"minecraft:gold_ingot":2,"minecraft:torch":44},"minecraft:dropped":{"minecraft:gold_ore":1,"minecraft:wheat_seeds":2,"minecraft:cooked_porkchop":100,"minecraft:iron_helmet":1,"minecraft:rotten_flesh":10,"minecraft:iron_boots":1,"minecraft:granite":8,"minecraft:dirt":13,"minecraft:shield":1,"minecraft:iron_chestplate":2,"minecraft:spider_eye":1,"minecraft:iron_leggings":1,"minecraft:gold_nugget":4,"minecraft:wooden_pickaxe":1,"minecraft:netherrack":1},"minecraft:picked_up":{"minecraft:iron_chestplate":1,"minecraft:crafting_table":7,"minecraft:leather":13,"minecraft:wooden_pickaxe":1,"minecraft:oak_log":18,"minecraft:gunpowder":1,"minecraft:string":4,"minecraft:dirt":43,"minecraft:bone":3,"minecraft:wheat_seeds":3,"minecraft:iron_ingot":12,"minecraft:beef":19,"minecraft:iron_ore":27,"minecraft:oak_planks":26,"minecraft:furnace":4,"minecraft:stick":2,"minecraft:cooked_porkchop":26,"minecraft:torch":2,"minecraft:porkchop":17,"minecraft:carrot":1,"minecraft:redstone":4,"minecraft:gold_ore":1,"minecraft:spider_eye":1,"minecraft:arrow":1,"minecraft:rotten_flesh":20,"minecraft:granite":16,"minecraft:oak_sapling":2,"minecraft:netherrack":1,"minecraft:coal":73,"minecraft:mutton":7,"minecraft:white_wool":5,"minecraft:cobblestone":199},"minecraft:mined":{"minecraft:oak_fence":2,"minecraft:crafting_table":6,"minecraft:torch":2,"minecraft:granite":16,"minecraft:grass_block":2,"minecraft:cobblestone":5,"minecraft:oak_planks":13,"minecraft:diorite":12,"minecraft:redstone_ore":1,"minecraft:furnace":4,"minecraft:iron_ore":26,"minecraft:andesite":6,"minecraft:grass":8,"minecraft:coal_ore":41,"minecraft:oak_log":12,"minecraft:gravel":12,"minecraft:dirt":20,"minecraft:cobweb":2,"minecraft:stone":266,"minecraft:netherrack":1,"minecraft:gold_ore":1,"minecraft:oak_leaves":1},"minecraft:broken":{"minecraft:stone_pickaxe":1,"minecraft:iron_pickaxe":1},"minecraft:custom":{"minecraft:interact_with_furnace":28,"minecraft:mob_kills":44,"minecraft:interact_with_crafting_table":22,"minecraft:play_one_minute":93746,"minecraft:leave_game":2,"minecraft:time_since_death":93746,"minecraft:time_since_rest":93746,"minecraft:sprint_one_cm":145330,"minecraft:damage_taken":498,"minecraft:walk_one_cm":180694,"minecraft:drop":25,"minecraft:damage_dealt":5083,"minecraft:swim_one_cm":2013,"minecraft:fly_one_cm":174404,"minecraft:open_chest":3,"minecraft:crouch_one_cm":29393,"minecraft:sneak_time":12572,"minecraft:walk_under_water_one_cm":4957,"minecraft:jump":962,"minecraft:walk_on_water_one_cm":3664,"minecraft:fall_one_cm":11202},"minecraft:killed":{"minecraft:pig":8,"minecraft:spider":2,"minecraft:creeper":1,"minecraft:sheep":5,"minecraft:skeleton":2,"minecraft:zombie":11,"minecraft:cow":13},"minecraft:used":{"minecraft:netherite_sword":9,"minecraft:iron_shovel":20,"minecraft:stone_pickaxe":130,"minecraft:oak_planks":21,"minecraft:wooden_pickaxe":2,"minecraft:shield":2,"minecraft:rotten_flesh":4,"minecraft:oak_leaves":32,"minecraft:torch":31,"minecraft:dirt":30,"minecraft:crafting_table":5,"minecraft:grass_block":4,"minecraft:string":4,"minecraft:barrier":39,"minecraft:iron_pickaxe":250,"minecraft:stone_axe":78,"minecraft:golden_sword":16,"minecraft:cobblestone":37,"minecraft:furnace":4,"minecraft:cooked_porkchop":7,"minecraft:splash_potion":572}},"DataVersion":2586}