{"stats":{"minecraft:crafted":{"minecraft:wooden_sword":1,"minecraft:oak_door":3,"minecraft:crafting_table":1,"minecraft:stick":4,"minecraft:stone_pickaxe":1,"minecraft:white_bed":2},"minecraft:dropped":{"minecraft:oak_log":31,"minecraft:mutton":2,"minecraft:cooked_porkchop":9},"minecraft:picked_up":{"minecraft:stick":4,"minecraft:cooked_porkchop":34,"minecraft:oak_door":4,"minecraft:andesite":12,"minecraft:porkchop":2,"minecraft:oak_log":38,"minecraft:dirt":44,"minecraft:rotten_flesh":4,"minecraft:apple":2,"minecraft:wheat_seeds":1,"minecraft:iron_ore":5,"minecraft:poppy":3,"minecraft:oak_sapling":8,"minecraft:mutton":2,"minecraft:cobblestone":25},"minecraft:mined":{"minecraft:iron_ore":5,"minecraft:oak_door":4,"minecraft:andesite":13,"minecraft:cornflower":1,"minecraft:grass":13,"minecraft:grass_block":4,"minecraft:oak_log":37,"minecraft:poppy":1,"minecraft:dirt":20,"minecraft:tall_grass":3,"minecraft:stone":28,"minecraft:oak_leaves":5},"minecraft:custom":{"minecraft:time_since_rest":72418,"minecraft:interact_with_furnace":1,"minecraft:sprint_one_cm":227218,"minecraft:damage_taken":1130,"minecraft:walk_one_cm":195454,"minecraft:mob_kills":5,"minecraft:drop":42,"minecraft:damage_dealt":980,"minecraft:interact_with_crafting_table":6,"minecraft:fly_one_cm":75374,"minecraft:open_chest":10,"minecraft:play_one_minute":77216,"minecraft:crouch_one_cm":4312,"minecraft:deaths":2,"minecraft:sneak_time":1887,"minecraft:jump":501,"minecraft:leave_game":2,"minecraft:time_since_death":71956,"minecraft:fall_one_cm":10075},"minecraft:killed_by":{"minecraft:zombie":1},"minecraft:killed":{"minecraft:zombie":3,"minecraft:pig":1},"minecraft:used":{"minecraft:oak_log":7,"minecraft:stone_pickaxe":48,"minecraft:poppy":1,"minecraft:oak_door":7,"minecraft:wooden_sword":30,"minecraft:dirt":43,"minecraft:crafting_table":1,"minecraft:cooked_porkchop":10,"minecraft:white_bed":2}},"DataVersion":2586}