{"stats":{"minecraft:dropped":{"minecraft:oak_log":6,"minecraft:mutton":2,"minecraft:cooked_porkchop":8},"minecraft:picked_up":{"minecraft:cooked_porkchop":29,"minecraft:rotten_flesh":3,"minecraft:apple":2,"minecraft:wheat_seeds":1,"minecraft:oak_log":29,"minecraft:oak_sapling":7,"minecraft:mutton":2,"minecraft:dirt":2},"minecraft:mined":{"minecraft:grass":11,"minecraft:oak_log":29,"minecraft:grass_block":2,"minecraft:tall_grass":3,"minecraft:oak_leaves":5,"minecraft:cornflower":1},"minecraft:custom":{"minecraft:time_since_rest":36418,"minecraft:crouch_one_cm":2638,"minecraft:play_one_minute":41216,"minecraft:sprint_one_cm":92382,"minecraft:deaths":2,"minecraft:damage_taken":755,"minecraft:walk_one_cm":110241,"minecraft:sneak_time":1013,"minecraft:mob_kills":1,"minecraft:drop":16,"minecraft:jump":207,"minecraft:damage_dealt":304,"minecraft:leave_game":2,"minecraft:time_since_death":35956,"minecraft:fall_one_cm":4445,"minecraft:fly_one_cm":31104},"minecraft:killed_by":{"minecraft:zombie":1},"minecraft:used":{"minecraft:dirt":1,"minecraft:cooked_porkchop":4}},"DataVersion":2586}