{"stats":{"minecraft:picked_up":{"minecraft:dirt":2},"minecraft:mined":{"minecraft:grass":2,"minecraft:grass_block":2,"minecraft:oak_leaves":1},"minecraft:custom":{"minecraft:jump":46,"minecraft:damage_dealt":162,"minecraft:time_since_rest":12418,"minecraft:damage_taken":560,"minecraft:play_one_minute":17216,"minecraft:crouch_one_cm":1416,"minecraft:leave_game":2,"minecraft:sprint_one_cm":9453,"minecraft:time_since_death":11956,"minecraft:walk_one_cm":34727,"minecraft:deaths":2,"minecraft:sneak_time":438,"minecraft:fall_one_cm":418,"minecraft:fly_one_cm":8458},"minecraft:killed_by":{"minecraft:zombie":1},"minecraft:used":{"minecraft:dirt":1}},"DataVersion":2586}