{"stats":{"minecraft:crafted":{"minecraft:wooden_sword":1,"minecraft:oak_door":3,"minecraft:crafting_table":1,"minecraft:stick":4,"minecraft:iron_ingot":5,"minecraft:stone_pickaxe":2,"minecraft:white_bed":2},"minecraft:dropped":{"minecraft:dirt":6,"minecraft:wheat_seeds":1,"minecraft:oak_log":31,"minecraft:mutton":2,"minecraft:cooked_porkchop":10,"minecraft:oak_sapling":8,"minecraft:wooden_sword":2},"minecraft:picked_up":{"minecraft:feather":11,"minecraft:stick":4,"minecraft:chicken":9,"minecraft:cooked_porkchop":35,"minecraft:oak_door":4,"minecraft:andesite":14,"minecraft:porkchop":8,"minecraft:oak_log":38,"minecraft:white_bed":1,"minecraft:dirt":58,"minecraft:wooden_sword":2,"minecraft:rotten_flesh":4,"minecraft:apple":2,"minecraft:wheat_seeds":1,"minecraft:iron_ore":6,"minecraft:bread":2,"minecraft:poppy":3,"minecraft:oak_sapling":8,"minecraft:mutton":2,"minecraft:coal":10,"minecraft:cobblestone":63,"minecraft:egg":1},"minecraft:mined":{"minecraft:white_bed":1,"minecraft:iron_ore":6,"minecraft:oak_door":4,"minecraft:andesite":14,"minecraft:cornflower":1,"minecraft:grass":17,"minecraft:coal_ore":11,"minecraft:grass_block":12,"minecraft:oak_log":39,"minecraft:poppy":1,"minecraft:dirt":26,"minecraft:tall_grass":6,"minecraft:cobblestone":2,"minecraft:stone":68,"minecraft:oak_leaves":5},"minecraft:broken":{"minecraft:stone_pickaxe":1,"minecraft:wooden_sword":1},"minecraft:custom":{"minecraft:time_since_rest":11668,"minecraft:interact_with_furnace":3,"minecraft:sprint_one_cm":414141,"minecraft:damage_taken":1701,"minecraft:walk_one_cm":305007,"minecraft:mob_kills":17,"minecraft:drop":60,"minecraft:damage_dealt":1692,"minecraft:swim_one_cm":733,"minecraft:interact_with_crafting_table":7,"minecraft:fly_one_cm":223299,"minecraft:bell_ring":1,"minecraft:open_chest":23,"minecraft:play_one_minute":119216,"minecraft:crouch_one_cm":5050,"minecraft:walk_under_water_one_cm":215,"minecraft:deaths":2,"minecraft:sneak_time":2413,"minecraft:jump":1284,"minecraft:interact_with_blast_furnace":1,"minecraft:sleep_in_bed":1,"minecraft:leave_game":2,"minecraft:walk_on_water_one_cm":1634,"minecraft:time_since_death":113956,"minecraft:climb_one_cm":230,"minecraft:fall_one_cm":34681},"minecraft:killed_by":{"minecraft:zombie":1},"minecraft:killed":{"minecraft:zombie":3,"minecraft:pig":4,"minecraft:chicken":9},"minecraft:used":{"minecraft:oak_log":7,"minecraft:bread":1,"minecraft:stone_pickaxe":124,"minecraft:poppy":1,"minecraft:oak_door":7,"minecraft:wooden_sword":57,"minecraft:dirt":51,"minecraft:cobblestone":12,"minecraft:crafting_table":1,"minecraft:cooked_porkchop":18,"minecraft:white_bed":3}},"DataVersion":2586}