{"stats":{"minecraft:crafted":{"minecraft:wooden_sword":1,"minecraft:oak_door":3,"minecraft:crafting_table":1,"minecraft:stick":4,"minecraft:iron_ingot":5,"minecraft:stone_pickaxe":1,"minecraft:white_bed":2},"minecraft:dropped":{"minecraft:dirt":6,"minecraft:oak_log":31,"minecraft:mutton":2,"minecraft:cooked_porkchop":9,"minecraft:oak_sapling":8},"minecraft:picked_up":{"minecraft:stick":4,"minecraft:cooked_porkchop":34,"minecraft:oak_door":4,"minecraft:andesite":14,"minecraft:porkchop":2,"minecraft:oak_log":38,"minecraft:dirt":54,"minecraft:rotten_flesh":4,"minecraft:apple":2,"minecraft:wheat_seeds":1,"minecraft:iron_ore":5,"minecraft:bread":2,"minecraft:poppy":3,"minecraft:oak_sapling":8,"minecraft:mutton":2,"minecraft:coal":4,"minecraft:cobblestone":56},"minecraft:mined":{"minecraft:iron_ore":5,"minecraft:oak_door":4,"minecraft:andesite":14,"minecraft:cornflower":1,"minecraft:grass":13,"minecraft:coal_ore":5,"minecraft:grass_block":8,"minecraft:oak_log":39,"minecraft:poppy":1,"minecraft:dirt":26,"minecraft:tall_grass":4,"minecraft:cobblestone":2,"minecraft:stone":61,"minecraft:oak_leaves":5},"minecraft:custom":{"minecraft:time_since_rest":96418,"minecraft:interact_with_furnace":3,"minecraft:sprint_one_cm":311279,"minecraft:damage_taken":1340,"minecraft:walk_one_cm":256433,"minecraft:mob_kills":5,"minecraft:drop":56,"minecraft:damage_dealt":980,"minecraft:swim_one_cm":733,"minecraft:interact_with_crafting_table":6,"minecraft:fly_one_cm":124209,"minecraft:open_chest":18,"minecraft:play_one_minute":101216,"minecraft:crouch_one_cm":4692,"minecraft:walk_under_water_one_cm":215,"minecraft:deaths":2,"minecraft:sneak_time":2314,"minecraft:jump":835,"minecraft:leave_game":2,"minecraft:walk_on_water_one_cm":1007,"minecraft:time_since_death":95956,"minecraft:fall_one_cm":21160},"minecraft:killed_by":{"minecraft:zombie":1},"minecraft:killed":{"minecraft:zombie":3,"minecraft:pig":1},"minecraft:used":{"minecraft:oak_log":7,"minecraft:stone_pickaxe":99,"minecraft:poppy":1,"minecraft:oak_door":7,"minecraft:wooden_sword":31,"minecraft:dirt":47,"minecraft:cobblestone":9,"minecraft:crafting_table":1,"minecraft:cooked_porkchop":14,"minecraft:white_bed":2}},"DataVersion":2586}