{"stats":{"minecraft:custom":{"minecraft:jump":78,"minecraft:time_since_rest":1823,"minecraft:damage_dealt":24,"minecraft:damage_taken":250,"minecraft:play_one_minute":20700,"minecraft:crouch_one_cm":7,"minecraft:leave_game":6,"minecraft:time_since_death":1612,"minecraft:sprint_one_cm":6515,"minecraft:walk_one_cm":12104,"minecraft:walk_on_water_one_cm":780,"minecraft:deaths":1,"minecraft:sneak_time":39,"minecraft:walk_under_water_one_cm":15052,"minecraft:swim_one_cm":4439,"minecraft:fall_one_cm":1417,"minecraft:fly_one_cm":6355},"minecraft:mined":{"minecraft:grass_block":4,"minecraft:grass":2,"minecraft:dirt":2},"minecraft:picked_up":{"minecraft:dirt":6},"minecraft:used":{"minecraft:dirt":1}},"DataVersion":2586}