{"stats":{"minecraft:killed_by":{"minecraft:skeleton":1},"minecraft:mined":{"minecraft:grass":2,"minecraft:grass_block":17,"minecraft:dirt":41},"minecraft:picked_up":{"minecraft:porkchop":42,"minecraft:villager_spawn_egg":1,"minecraft:dirt":76,"minecraft:flint_and_steel":1,"minecraft:zombie_spawn_egg":1,"minecraft:rotten_flesh":2,"minecraft:kelp":7,"minecraft:wheat_seeds":1,"minecraft:player_head":4,"minecraft:coal":1,"minecraft:egg":2},"minecraft:dropped":{"minecraft:zombie_spawn_egg":1,"minecraft:villager_spawn_egg":1,"minecraft:coal":1,"minecraft:flint_and_steel":1},"minecraft:used":{"minecraft:creeper_spawn_egg":25,"minecraft:villager_spawn_egg":4,"minecraft:flint_and_steel":10,"minecraft:zombie_spawn_egg":2,"minecraft:player_head":3,"minecraft:rotten_flesh":1,"minecraft:dirt":92,"minecraft:tnt":307,"minecraft:egg":1},"minecraft:custom":{"minecraft:time_since_rest":16196,"minecraft:sprint_one_cm":29718,"minecraft:damage_taken":785,"minecraft:walk_one_cm":51126,"minecraft:mob_kills":2981,"minecraft:drop":4,"minecraft:damage_dealt":383,"minecraft:swim_one_cm":17230,"minecraft:fly_one_cm":156062,"minecraft:play_one_minute":49897,"minecraft:crouch_one_cm":3943,"minecraft:sneak_time":1621,"minecraft:deaths":3,"minecraft:walk_under_water_one_cm":45744,"minecraft:jump":263,"minecraft:leave_game":8,"minecraft:time_since_death":15954,"minecraft:walk_on_water_one_cm":7944,"minecraft:fall_one_cm":3606},"minecraft:killed":{"minecraft:skeleton":2,"minecraft:zombie":1,"minecraft:pig":2943,"minecraft:chicken":2,"minecraft:spider":1,"minecraft:drowned":1,"minecraft:creeper":9}},"DataVersion":2586}