{"stats":{"minecraft:killed_by":{"minecraft:skeleton":1},"minecraft:mined":{"minecraft:grass":2,"minecraft:grass_block":17,"minecraft:dirt":41},"minecraft:picked_up":{"minecraft:rotten_flesh":2,"minecraft:player_head":3,"minecraft:dirt":58,"minecraft:egg":2},"minecraft:dropped":{"minecraft:zombie_spawn_egg":1,"minecraft:villager_spawn_egg":1},"minecraft:used":{"minecraft:rotten_flesh":1,"minecraft:dirt":41,"minecraft:villager_spawn_egg":2,"minecraft:egg":1,"minecraft:zombie_spawn_egg":2,"minecraft:player_head":3},"minecraft:custom":{"minecraft:time_since_rest":4196,"minecraft:crouch_one_cm":2600,"minecraft:play_one_minute":37897,"minecraft:sprint_one_cm":28081,"minecraft:damage_taken":785,"minecraft:deaths":3,"minecraft:walk_one_cm":38912,"minecraft:sneak_time":1235,"minecraft:walk_under_water_one_cm":30800,"minecraft:mob_kills":1,"minecraft:drop":2,"minecraft:jump":219,"minecraft:damage_dealt":363,"minecraft:leave_game":8,"minecraft:walk_on_water_one_cm":2624,"minecraft:time_since_death":3954,"minecraft:swim_one_cm":11807,"minecraft:fall_one_cm":3606,"minecraft:fly_one_cm":40094},"minecraft:killed":{"minecraft:drowned":1}},"DataVersion":2586}