{"stats":{"minecraft:picked_up":{"minecraft:dirt":2},"minecraft:mined":{"minecraft:grass":2,"minecraft:grass_block":2},"minecraft:custom":{"minecraft:jump":13,"minecraft:damage_dealt":162,"minecraft:time_since_rest":418,"minecraft:damage_taken":480,"minecraft:play_one_minute":5216,"minecraft:crouch_one_cm":453,"minecraft:leave_game":2,"minecraft:sprint_one_cm":7449,"minecraft:time_since_death":0,"minecraft:walk_one_cm":13016,"minecraft:deaths":2,"minecraft:sneak_time":138,"minecraft:fly_one_cm":3913},"minecraft:killed_by":{"minecraft:zombie":1},"minecraft:used":{"minecraft:dirt":1}},"DataVersion":2586}