{"stats":{"minecraft:crafted":{"minecraft:wooden_sword":1,"minecraft:oak_door":3,"minecraft:crafting_table":1,"minecraft:stick":4,"minecraft:white_bed":2},"minecraft:dropped":{"minecraft:oak_log":31,"minecraft:mutton":2,"minecraft:cooked_porkchop":9},"minecraft:picked_up":{"minecraft:stick":4,"minecraft:cooked_porkchop":34,"minecraft:oak_door":3,"minecraft:oak_log":38,"minecraft:dirt":2,"minecraft:rotten_flesh":3,"minecraft:apple":2,"minecraft:wheat_seeds":1,"minecraft:poppy":3,"minecraft:oak_sapling":8,"minecraft:mutton":2,"minecraft:cobblestone":1},"minecraft:mined":{"minecraft:oak_door":3,"minecraft:cornflower":1,"minecraft:grass":12,"minecraft:grass_block":2,"minecraft:oak_log":37,"minecraft:poppy":1,"minecraft:tall_grass":3,"minecraft:oak_leaves":5},"minecraft:custom":{"minecraft:time_since_rest":60418,"minecraft:sprint_one_cm":188987,"minecraft:damage_taken":945,"minecraft:walk_one_cm":160113,"minecraft:mob_kills":1,"minecraft:drop":42,"minecraft:damage_dealt":351,"minecraft:interact_with_crafting_table":5,"minecraft:fly_one_cm":55608,"minecraft:open_chest":6,"minecraft:play_one_minute":65216,"minecraft:crouch_one_cm":3996,"minecraft:deaths":2,"minecraft:sneak_time":1604,"minecraft:jump":378,"minecraft:leave_game":2,"minecraft:time_since_death":59956,"minecraft:fall_one_cm":7252},"minecraft:killed_by":{"minecraft:zombie":1},"minecraft:used":{"minecraft:oak_log":7,"minecraft:poppy":1,"minecraft:oak_door":6,"minecraft:wooden_sword":2,"minecraft:dirt":1,"minecraft:crafting_table":1,"minecraft:cooked_porkchop":7,"minecraft:white_bed":2}},"DataVersion":2586}