{"stats":{"minecraft:crafted":{"minecraft:wooden_sword":1,"minecraft:oak_door":3,"minecraft:crafting_table":1,"minecraft:stick":4,"minecraft:iron_ingot":20,"minecraft:stone_pickaxe":2,"minecraft:white_bed":2},"minecraft:dropped":{"minecraft:wheat_seeds":1,"minecraft:oak_log":31,"minecraft:cooked_porkchop":10,"minecraft:dirt":6,"minecraft:mutton":2,"minecraft:oak_sapling":8,"minecraft:wooden_sword":2,"minecraft:bone":1},"minecraft:picked_up":{"minecraft:feather":11,"minecraft:chicken":9,"minecraft:andesite":14,"minecraft:oak_log":38,"minecraft:dirt":62,"minecraft:wooden_sword":2,"minecraft:bone":2,"minecraft:apple":2,"minecraft:wheat_seeds":1,"minecraft:iron_ingot":7,"minecraft:iron_ore":21,"minecraft:poppy":3,"minecraft:egg":1,"minecraft:stick":4,"minecraft:cooked_porkchop":35,"minecraft:oak_door":4,"minecraft:torch":6,"minecraft:porkchop":8,"minecraft:white_bed":1,"minecraft:rotten_flesh":5,"minecraft:arrow":2,"minecraft:bread":2,"minecraft:oak_sapling":8,"minecraft:mutton":2,"minecraft:coal":10,"minecraft:cobblestone":71},"minecraft:mined":{"minecraft:white_bed":1,"minecraft:glass_pane":3,"minecraft:oak_door":4,"minecraft:cornflower":1,"minecraft:torch":1,"minecraft:grass_block":13,"minecraft:poppy":1,"minecraft:tall_grass":6,"minecraft:cobblestone":2,"minecraft:wall_torch":5,"minecraft:birch_sapling":1,"minecraft:iron_ore":21,"minecraft:andesite":14,"minecraft:grass":18,"minecraft:oak_log":39,"minecraft:coal_ore":11,"minecraft:dirt":29,"minecraft:stone":77,"minecraft:oak_leaves":8},"minecraft:broken":{"minecraft:stone_pickaxe":1,"minecraft:wooden_sword":1,"minecraft:leather_leggings":1},"minecraft:custom":{"minecraft:interact_with_furnace":6,"minecraft:mob_kills":21,"minecraft:interact_with_crafting_table":7,"minecraft:play_one_minute":143216,"minecraft:bell_ring":1,"minecraft:leave_game":2,"minecraft:time_since_death":137956,"minecraft:sleep_in_bed":2,"minecraft:climb_one_cm":230,"minecraft:time_since_rest":21123,"minecraft:sprint_one_cm":528405,"minecraft:damage_taken":2072,"minecraft:walk_one_cm":356482,"minecraft:drop":61,"minecraft:damage_dealt":2162,"minecraft:swim_one_cm":1784,"minecraft:fly_one_cm":300016,"minecraft:open_chest":31,"minecraft:crouch_one_cm":5173,"minecraft:deaths":2,"minecraft:sneak_time":2601,"minecraft:walk_under_water_one_cm":283,"minecraft:jump":1669,"minecraft:interact_with_blast_furnace":1,"minecraft:walk_on_water_one_cm":1901,"minecraft:fall_one_cm":46691},"minecraft:killed_by":{"minecraft:zombie":1},"minecraft:killed":{"minecraft:pig":4,"minecraft:skeleton":1,"minecraft:zombie":5,"minecraft:chicken":9},"minecraft:used":{"minecraft:stone_pickaxe":176,"minecraft:poppy":1,"minecraft:oak_door":7,"minecraft:torch":5,"minecraft:dirt":53,"minecraft:crafting_table":1,"minecraft:white_bed":3,"minecraft:oak_log":7,"minecraft:bread":1,"minecraft:wooden_sword":57,"minecraft:cobblestone":20,"minecraft:cooked_porkchop":25}},"DataVersion":2586}