{"stats":{"minecraft:dropped":{"minecraft:cooked_porkchop":8},"minecraft:picked_up":{"minecraft:cooked_porkchop":24,"minecraft:rotten_flesh":1,"minecraft:dirt":2},"minecraft:mined":{"minecraft:grass":2,"minecraft:grass_block":2,"minecraft:oak_leaves":2},"minecraft:custom":{"minecraft:time_since_rest":24418,"minecraft:crouch_one_cm":2587,"minecraft:play_one_minute":29216,"minecraft:sprint_one_cm":11889,"minecraft:deaths":2,"minecraft:damage_taken":640,"minecraft:walk_one_cm":73341,"minecraft:sneak_time":868,"minecraft:drop":8,"minecraft:jump":86,"minecraft:damage_dealt":162,"minecraft:leave_game":2,"minecraft:time_since_death":23956,"minecraft:fall_one_cm":1283,"minecraft:fly_one_cm":9196},"minecraft:killed_by":{"minecraft:zombie":1},"minecraft:used":{"minecraft:dirt":1,"minecraft:cooked_porkchop":2}},"DataVersion":2586}