{"stats":{"minecraft:crafted":{"minecraft:wooden_sword":1,"minecraft:oak_door":3,"minecraft:crafting_table":1,"minecraft:stick":4,"minecraft:stone_pickaxe":1,"minecraft:white_bed":2},"minecraft:dropped":{"minecraft:oak_log":31,"minecraft:mutton":2,"minecraft:cooked_porkchop":9},"minecraft:picked_up":{"minecraft:stick":4,"minecraft:cooked_porkchop":34,"minecraft:oak_door":4,"minecraft:andesite":14,"minecraft:porkchop":2,"minecraft:oak_log":38,"minecraft:dirt":46,"minecraft:rotten_flesh":4,"minecraft:apple":2,"minecraft:wheat_seeds":1,"minecraft:iron_ore":5,"minecraft:bread":2,"minecraft:poppy":3,"minecraft:oak_sapling":8,"minecraft:mutton":2,"minecraft:coal":4,"minecraft:cobblestone":26},"minecraft:mined":{"minecraft:iron_ore":5,"minecraft:oak_door":4,"minecraft:andesite":14,"minecraft:cornflower":1,"minecraft:grass":13,"minecraft:coal_ore":5,"minecraft:grass_block":6,"minecraft:oak_log":37,"minecraft:poppy":1,"minecraft:dirt":20,"minecraft:tall_grass":4,"minecraft:stone":32,"minecraft:oak_leaves":5},"minecraft:custom":{"minecraft:time_since_rest":84418,"minecraft:interact_with_furnace":2,"minecraft:sprint_one_cm":273433,"minecraft:damage_taken":1200,"minecraft:walk_one_cm":217475,"minecraft:mob_kills":5,"minecraft:drop":42,"minecraft:damage_dealt":980,"minecraft:swim_one_cm":733,"minecraft:interact_with_crafting_table":6,"minecraft:fly_one_cm":99086,"minecraft:open_chest":10,"minecraft:play_one_minute":89216,"minecraft:crouch_one_cm":4692,"minecraft:walk_under_water_one_cm":215,"minecraft:deaths":2,"minecraft:sneak_time":2291,"minecraft:jump":665,"minecraft:leave_game":2,"minecraft:walk_on_water_one_cm":1007,"minecraft:time_since_death":83956,"minecraft:fall_one_cm":13719},"minecraft:killed_by":{"minecraft:zombie":1},"minecraft:killed":{"minecraft:zombie":3,"minecraft:pig":1},"minecraft:used":{"minecraft:oak_log":7,"minecraft:stone_pickaxe":59,"minecraft:poppy":1,"minecraft:oak_door":7,"minecraft:wooden_sword":31,"minecraft:dirt":45,"minecraft:cobblestone":4,"minecraft:crafting_table":1,"minecraft:cooked_porkchop":12,"minecraft:white_bed":2}},"DataVersion":2586}