{"stats":{"minecraft:crafted":{"minecraft:wooden_sword":1,"minecraft:oak_door":3,"minecraft:crafting_table":1,"minecraft:bucket":1,"minecraft:stick":4,"minecraft:iron_ingot":20,"minecraft:stone_pickaxe":2,"minecraft:white_bed":2},"minecraft:dropped":{"minecraft:wheat_seeds":1,"minecraft:oak_log":31,"minecraft:cooked_porkchop":10,"minecraft:diamond_leggings":1,"minecraft:cobblestone":18,"minecraft:dirt":6,"minecraft:mutton":2,"minecraft:wooden_axe":1,"minecraft:oak_sapling":8,"minecraft:diamond_boots":1,"minecraft:wooden_sword":2,"minecraft:stone_pickaxe":1,"minecraft:wooden_pickaxe":1,"minecraft:bone":1},"minecraft:picked_up":{"minecraft:wooden_axe":2,"minecraft:feather":11,"minecraft:chicken":9,"minecraft:andesite":92,"minecraft:wooden_pickaxe":2,"minecraft:oak_log":38,"minecraft:cornflower":1,"minecraft:dirt":67,"minecraft:wooden_sword":2,"minecraft:bone":2,"minecraft:apple":2,"minecraft:diamond_leggings":3,"minecraft:wheat_seeds":1,"minecraft:iron_ingot":7,"minecraft:iron_ore":21,"minecraft:light_gray_wool":1,"minecraft:poppy":5,"minecraft:diamond_helmet":2,"minecraft:egg":2,"minecraft:stick":4,"minecraft:cooked_porkchop":35,"minecraft:oak_door":4,"minecraft:torch":7,"minecraft:porkchop":8,"minecraft:diorite":40,"minecraft:white_bed":1,"minecraft:spider_eye":1,"minecraft:diamond_chestplate":2,"minecraft:rotten_flesh":13,"minecraft:arrow":2,"minecraft:diamond_boots":2,"minecraft:granite":57,"minecraft:gray_wool":1,"minecraft:bread":2,"minecraft:oak_sapling":8,"minecraft:mutton":2,"minecraft:coal":10,"minecraft:white_wool":1,"minecraft:cobblestone":72},"minecraft:mined":{"minecraft:white_bed":1,"minecraft:glass_pane":3,"minecraft:oak_door":4,"minecraft:cornflower":1,"minecraft:torch":2,"minecraft:grass_block":18,"minecraft:poppy":1,"minecraft:tall_grass":6,"minecraft:cobblestone":2,"minecraft:wall_torch":5,"minecraft:birch_sapling":1,"minecraft:iron_ore":21,"minecraft:andesite":14,"minecraft:grass":20,"minecraft:oak_log":39,"minecraft:coal_ore":11,"minecraft:dirt":37,"minecraft:stone":77,"minecraft:oak_leaves":8},"minecraft:broken":{"minecraft:stone_pickaxe":1,"minecraft:wooden_sword":1,"minecraft:leather_leggings":1,"minecraft:wooden_axe":1,"minecraft:wooden_pickaxe":1},"minecraft:custom":{"minecraft:interact_with_furnace":7,"minecraft:mob_kills":21,"minecraft:interact_with_crafting_table":8,"minecraft:play_one_minute":157330,"minecraft:bell_ring":1,"minecraft:leave_game":3,"minecraft:time_since_death":0,"minecraft:sleep_in_bed":2,"minecraft:climb_one_cm":230,"minecraft:time_since_rest":41,"minecraft:sprint_one_cm":554642,"minecraft:damage_taken":2531,"minecraft:walk_one_cm":398868,"minecraft:drop":84,"minecraft:damage_dealt":2924,"minecraft:swim_one_cm":1784,"minecraft:fly_one_cm":316729,"minecraft:open_chest":40,"minecraft:crouch_one_cm":5176,"minecraft:deaths":3,"minecraft:sneak_time":2847,"minecraft:walk_under_water_one_cm":283,"minecraft:jump":1771,"minecraft:interact_with_blast_furnace":1,"minecraft:walk_on_water_one_cm":1901,"minecraft:fall_one_cm":49735},"minecraft:killed_by":{"minecraft:creeper":1,"minecraft:zombie":1},"minecraft:killed":{"minecraft:pig":4,"minecraft:skeleton":1,"minecraft:zombie":5,"minecraft:chicken":9},"minecraft:used":{"minecraft:stone_pickaxe":191,"minecraft:poppy":1,"minecraft:wooden_pickaxe":17,"minecraft:oak_door":7,"minecraft:torch":7,"minecraft:dirt":53,"minecraft:crafting_table":1,"minecraft:white_bed":3,"minecraft:granite":1,"minecraft:oak_log":7,"minecraft:wooden_axe":11,"minecraft:bread":1,"minecraft:wooden_sword":57,"minecraft:cobblestone":20,"minecraft:cooked_porkchop":25}},"DataVersion":2586}