{"stats":{"minecraft:picked_up":{"minecraft:egg":1},"minecraft:mined":{"minecraft:oak_leaves":1},"minecraft:custom":{"minecraft:jump":108,"minecraft:open_chest":2,"minecraft:time_since_rest":17856,"minecraft:crouch_one_cm":3824,"minecraft:play_one_minute":17856,"minecraft:walk_on_water_one_cm":562,"minecraft:leave_game":3,"minecraft:sprint_one_cm":18836,"minecraft:damage_taken":90,"minecraft:time_since_death":17856,"minecraft:walk_one_cm":49590,"minecraft:sneak_time":999,"minecraft:walk_under_water_one_cm":60,"minecraft:swim_one_cm":375,"minecraft:fall_one_cm":2760,"minecraft:fly_one_cm":12781},"minecraft:used":{"minecraft:egg":1,"minecraft:apple":1,"minecraft:bread":1}},"DataVersion":2586}