{"stats":{"minecraft:crafted":{"minecraft:crafting_table":3,"minecraft:wooden_pickaxe":1,"minecraft:furnace":3,"minecraft:bucket":1,"minecraft:birch_planks":20,"minecraft:stone_axe":1,"minecraft:air":0,"minecraft:iron_axe":1,"minecraft:stick":28,"minecraft:iron_ingot":37,"minecraft:iron_pickaxe":2,"minecraft:stone_pickaxe":1,"minecraft:stone_sword":1,"minecraft:torch":76},"minecraft:dropped":{"minecraft:gravel":2,"minecraft:iron_ingot":3,"minecraft:wheat_seeds":1,"minecraft:diamond":3,"minecraft:cooked_porkchop":10,"minecraft:cobblestone":3,"minecraft:rotten_flesh":3,"minecraft:oak_planks":1,"minecraft:rail":3,"minecraft:diorite":3,"minecraft:melon_seeds":2,"minecraft:oak_sapling":4,"minecraft:wooden_pickaxe":1,"minecraft:iron_pickaxe":1},"minecraft:picked_up":{"minecraft:birch_log":5,"minecraft:crafting_table":1,"minecraft:iron_chestplate":1,"minecraft:wheat":4,"minecraft:andesite":32,"minecraft:leather":3,"minecraft:birch_planks":1,"minecraft:shield":1,"minecraft:gunpowder":11,"minecraft:lapis_lazuli":28,"minecraft:dirt":18,"minecraft:iron_leggings":1,"minecraft:bone":4,"minecraft:wheat_seeds":1,"minecraft:beef":4,"minecraft:iron_ore":100,"minecraft:light_gray_wool":1,"minecraft:sugar_cane":23,"minecraft:chest":1,"minecraft:birch_sapling":2,"minecraft:oak_planks":18,"minecraft:iron_boots":1,"minecraft:egg":1,"minecraft:furnace":1,"minecraft:stick":4,"minecraft:cooked_porkchop":20,"minecraft:oak_fence":2,"minecraft:torch":8,"minecraft:gravel":3,"minecraft:porkchop":15,"minecraft:diorite":49,"minecraft:carrot":1,"minecraft:redstone":31,"minecraft:gold_ore":4,"minecraft:arrow":3,"minecraft:rotten_flesh":15,"minecraft:diamond":2,"minecraft:iron_helmet":1,"minecraft:granite":16,"minecraft:oak_sapling":4,"minecraft:melon_seeds":2,"minecraft:mutton":2,"minecraft:coal":97,"minecraft:white_wool":1,"minecraft:rail":3,"minecraft:cobblestone":463},"minecraft:mined":{"minecraft:diamond_ore":2,"minecraft:crafting_table":1,"minecraft:torch":3,"minecraft:granite":6,"minecraft:grass_block":1,"minecraft:cobblestone":10,"minecraft:lapis_ore":4,"minecraft:oak_planks":14,"minecraft:sugar_cane":10,"minecraft:diorite":15,"minecraft:wall_torch":1,"minecraft:redstone_ore":7,"minecraft:furnace":1,"minecraft:birch_log":5,"minecraft:iron_ore":99,"minecraft:andesite":3,"minecraft:grass":5,"minecraft:coal_ore":98,"minecraft:gravel":1,"minecraft:dirt":6,"minecraft:stone":346,"minecraft:gold_ore":4,"minecraft:oak_leaves":29},"minecraft:broken":{"minecraft:stone_pickaxe":1,"minecraft:stone_axe":1,"minecraft:iron_pickaxe":1},"minecraft:custom":{"minecraft:interact_with_furnace":14,"minecraft:mob_kills":25,"minecraft:interact_with_crafting_table":21,"minecraft:play_one_minute":119856,"minecraft:leave_game":3,"minecraft:time_since_death":119856,"minecraft:time_since_rest":119856,"minecraft:sprint_one_cm":266425,"minecraft:damage_taken":1024,"minecraft:walk_one_cm":386094,"minecraft:drop":35,"minecraft:damage_dealt":4106,"minecraft:swim_one_cm":801,"minecraft:fly_one_cm":110566,"minecraft:open_chest":6,"minecraft:crouch_one_cm":42917,"minecraft:sneak_time":14843,"minecraft:walk_under_water_one_cm":908,"minecraft:jump":970,"minecraft:walk_on_water_one_cm":11373,"minecraft:fall_one_cm":15318},"minecraft:killed":{"minecraft:pig":7,"minecraft:sheep":2,"minecraft:skeleton":2,"minecraft:zombie":12,"minecraft:cow":2},"minecraft:used":{"minecraft:oak_fence":2,"minecraft:diorite":6,"minecraft:stone_sword":40,"minecraft:birch_planks":8,"minecraft:redstone":2,"minecraft:stone_pickaxe":131,"minecraft:oak_planks":1,"minecraft:chest":1,"minecraft:shield":4,"minecraft:wooden_pickaxe":45,"minecraft:torch":93,"minecraft:dirt":14,"minecraft:crafting_table":4,"minecraft:granite":1,"minecraft:apple":2,"minecraft:iron_axe":11,"minecraft:bread":8,"minecraft:birch_sapling":2,"minecraft:iron_pickaxe":425,"minecraft:gravel":1,"minecraft:stone_axe":74,"minecraft:cobblestone":100,"minecraft:furnace":4,"minecraft:cooked_porkchop":10,"minecraft:andesite":3,"minecraft:egg":1}},"DataVersion":2586}