{"stats":{"minecraft:crafted":{"minecraft:crafting_table":3,"minecraft:wooden_pickaxe":1,"minecraft:furnace":3,"minecraft:bucket":1,"minecraft:birch_planks":20,"minecraft:stone_axe":1,"minecraft:air":0,"minecraft:iron_axe":1,"minecraft:stick":28,"minecraft:iron_ingot":37,"minecraft:iron_pickaxe":1,"minecraft:stone_pickaxe":1,"minecraft:stone_sword":1,"minecraft:torch":68},"minecraft:dropped":{"minecraft:gravel":2,"minecraft:wheat_seeds":1,"minecraft:cooked_porkchop":10,"minecraft:cobblestone":3,"minecraft:rotten_flesh":3,"minecraft:rail":3,"minecraft:diorite":3,"minecraft:melon_seeds":2,"minecraft:oak_sapling":2,"minecraft:wooden_pickaxe":1},"minecraft:picked_up":{"minecraft:birch_log":5,"minecraft:crafting_table":1,"minecraft:iron_chestplate":1,"minecraft:wheat":4,"minecraft:andesite":3,"minecraft:leather":3,"minecraft:birch_planks":1,"minecraft:shield":1,"minecraft:gunpowder":11,"minecraft:dirt":14,"minecraft:iron_leggings":1,"minecraft:wheat_seeds":1,"minecraft:beef":4,"minecraft:iron_ore":96,"minecraft:light_gray_wool":1,"minecraft:sugar_cane":23,"minecraft:chest":1,"minecraft:birch_sapling":2,"minecraft:oak_planks":18,"minecraft:iron_boots":1,"minecraft:egg":1,"minecraft:furnace":1,"minecraft:cooked_porkchop":20,"minecraft:oak_fence":2,"minecraft:torch":3,"minecraft:gravel":3,"minecraft:porkchop":15,"minecraft:diorite":8,"minecraft:carrot":1,"minecraft:gold_ore":4,"minecraft:rotten_flesh":15,"minecraft:iron_helmet":1,"minecraft:granite":9,"minecraft:oak_sapling":2,"minecraft:melon_seeds":2,"minecraft:mutton":2,"minecraft:coal":97,"minecraft:white_wool":1,"minecraft:rail":3,"minecraft:cobblestone":141},"minecraft:mined":{"minecraft:crafting_table":1,"minecraft:grass_block":1,"minecraft:cobblestone":5,"minecraft:oak_planks":14,"minecraft:sugar_cane":10,"minecraft:diorite":3,"minecraft:wall_torch":1,"minecraft:furnace":1,"minecraft:birch_log":5,"minecraft:iron_ore":97,"minecraft:andesite":3,"minecraft:grass":5,"minecraft:coal_ore":98,"minecraft:gravel":1,"minecraft:dirt":3,"minecraft:stone":126,"minecraft:gold_ore":4,"minecraft:oak_leaves":29},"minecraft:broken":{"minecraft:stone_pickaxe":1,"minecraft:stone_axe":1},"minecraft:custom":{"minecraft:interact_with_furnace":14,"minecraft:mob_kills":23,"minecraft:interact_with_crafting_table":20,"minecraft:play_one_minute":89856,"minecraft:leave_game":3,"minecraft:time_since_death":89856,"minecraft:time_since_rest":89856,"minecraft:sprint_one_cm":232752,"minecraft:damage_taken":928,"minecraft:walk_one_cm":305412,"minecraft:drop":25,"minecraft:damage_dealt":3736,"minecraft:swim_one_cm":375,"minecraft:fly_one_cm":100922,"minecraft:open_chest":6,"minecraft:crouch_one_cm":33887,"minecraft:sneak_time":12002,"minecraft:walk_under_water_one_cm":512,"minecraft:jump":810,"minecraft:walk_on_water_one_cm":8120,"minecraft:fall_one_cm":13460},"minecraft:killed":{"minecraft:pig":7,"minecraft:sheep":2,"minecraft:zombie":12,"minecraft:cow":2},"minecraft:used":{"minecraft:oak_fence":2,"minecraft:diorite":5,"minecraft:stone_sword":40,"minecraft:birch_planks":8,"minecraft:stone_pickaxe":131,"minecraft:oak_planks":1,"minecraft:chest":1,"minecraft:shield":4,"minecraft:wooden_pickaxe":45,"minecraft:torch":78,"minecraft:dirt":14,"minecraft:crafting_table":4,"minecraft:granite":1,"minecraft:apple":2,"minecraft:iron_axe":3,"minecraft:bread":7,"minecraft:birch_sapling":2,"minecraft:iron_pickaxe":164,"minecraft:gravel":1,"minecraft:stone_axe":74,"minecraft:cobblestone":71,"minecraft:furnace":4,"minecraft:cooked_porkchop":9,"minecraft:andesite":3,"minecraft:egg":1}},"DataVersion":2586}