{"stats":{"minecraft:picked_up":{"minecraft:egg":1},"minecraft:mined":{"minecraft:oak_leaves":1},"minecraft:custom":{"minecraft:jump":65,"minecraft:open_chest":1,"minecraft:time_since_rest":5856,"minecraft:play_one_minute":5856,"minecraft:walk_on_water_one_cm":562,"minecraft:leave_game":3,"minecraft:sprint_one_cm":18371,"minecraft:damage_taken":60,"minecraft:time_since_death":5856,"minecraft:walk_one_cm":9322,"minecraft:walk_under_water_one_cm":60,"minecraft:swim_one_cm":375,"minecraft:fall_one_cm":1982,"minecraft:fly_one_cm":12557},"minecraft:used":{"minecraft:egg":1}},"DataVersion":2586}