{"stats":{"minecraft:crafted":{"minecraft:crafting_table":1,"minecraft:stick":4,"minecraft:wooden_pickaxe":1,"minecraft:stone_sword":1,"minecraft:torch":4,"minecraft:birch_planks":20},"minecraft:dropped":{"minecraft:cooked_porkchop":2,"minecraft:oak_sapling":2,"minecraft:cobblestone":3,"minecraft:rotten_flesh":3},"minecraft:picked_up":{"minecraft:birch_log":5,"minecraft:cooked_porkchop":20,"minecraft:diorite":5,"minecraft:dirt":13,"minecraft:rotten_flesh":3,"minecraft:granite":1,"minecraft:oak_sapling":2,"minecraft:birch_sapling":2,"minecraft:oak_planks":2,"minecraft:coal":4,"minecraft:cobblestone":43,"minecraft:egg":1},"minecraft:mined":{"minecraft:birch_log":5,"minecraft:grass":1,"minecraft:coal_ore":4,"minecraft:dirt":3,"minecraft:stone":36,"minecraft:oak_planks":1,"minecraft:oak_leaves":29},"minecraft:custom":{"minecraft:time_since_rest":41856,"minecraft:interact_with_furnace":1,"minecraft:sprint_one_cm":32401,"minecraft:damage_taken":410,"minecraft:walk_one_cm":138171,"minecraft:drop":10,"minecraft:damage_dealt":215,"minecraft:swim_one_cm":375,"minecraft:interact_with_crafting_table":4,"minecraft:fly_one_cm":20524,"minecraft:open_chest":2,"minecraft:crouch_one_cm":20789,"minecraft:play_one_minute":41856,"minecraft:sneak_time":6355,"minecraft:walk_under_water_one_cm":60,"minecraft:jump":248,"minecraft:leave_game":3,"minecraft:walk_on_water_one_cm":562,"minecraft:time_since_death":41856,"minecraft:fall_one_cm":3714},"minecraft:used":{"minecraft:apple":2,"minecraft:stone_sword":17,"minecraft:bread":5,"minecraft:birch_sapling":2,"minecraft:wooden_pickaxe":42,"minecraft:torch":4,"minecraft:dirt":13,"minecraft:cobblestone":5,"minecraft:crafting_table":1,"minecraft:egg":1,"minecraft:granite":1}},"DataVersion":2586}