{"stats":{"minecraft:crafted":{"minecraft:crafting_table":1,"minecraft:wooden_pickaxe":1,"minecraft:birch_planks":20,"minecraft:stone_axe":1,"minecraft:air":0,"minecraft:stick":16,"minecraft:iron_ingot":5,"minecraft:iron_pickaxe":1,"minecraft:stone_pickaxe":1,"minecraft:stone_sword":1,"minecraft:torch":20},"minecraft:dropped":{"minecraft:cooked_porkchop":10,"minecraft:cobblestone":3,"minecraft:rotten_flesh":3,"minecraft:oak_sapling":2},"minecraft:picked_up":{"minecraft:birch_log":5,"minecraft:iron_chestplate":1,"minecraft:wheat":4,"minecraft:leather":3,"minecraft:birch_planks":1,"minecraft:shield":1,"minecraft:gunpowder":11,"minecraft:dirt":14,"minecraft:wheat_seeds":1,"minecraft:beef":4,"minecraft:iron_ore":45,"minecraft:light_gray_wool":1,"minecraft:sugar_cane":23,"minecraft:chest":1,"minecraft:birch_sapling":2,"minecraft:oak_planks":16,"minecraft:egg":1,"minecraft:furnace":1,"minecraft:cooked_porkchop":20,"minecraft:oak_fence":2,"minecraft:torch":1,"minecraft:gravel":1,"minecraft:porkchop":15,"minecraft:diorite":5,"minecraft:carrot":1,"minecraft:gold_ore":2,"minecraft:rotten_flesh":8,"minecraft:granite":9,"minecraft:oak_sapling":2,"minecraft:melon_seeds":2,"minecraft:mutton":2,"minecraft:coal":54,"minecraft:white_wool":1,"minecraft:rail":1,"minecraft:cobblestone":113},"minecraft:mined":{"minecraft:grass_block":1,"minecraft:oak_planks":14,"minecraft:sugar_cane":10,"minecraft:furnace":1,"minecraft:birch_log":5,"minecraft:iron_ore":46,"minecraft:grass":5,"minecraft:coal_ore":55,"minecraft:dirt":3,"minecraft:stone":110,"minecraft:gold_ore":2,"minecraft:oak_leaves":29},"minecraft:broken":{"minecraft:stone_pickaxe":1},"minecraft:custom":{"minecraft:interact_with_furnace":6,"minecraft:mob_kills":17,"minecraft:interact_with_crafting_table":11,"minecraft:play_one_minute":65856,"minecraft:leave_game":3,"minecraft:time_since_death":65856,"minecraft:time_since_rest":65856,"minecraft:sprint_one_cm":142000,"minecraft:damage_taken":685,"minecraft:walk_one_cm":215900,"minecraft:drop":18,"minecraft:damage_dealt":2610,"minecraft:swim_one_cm":375,"minecraft:fly_one_cm":90664,"minecraft:open_chest":5,"minecraft:crouch_one_cm":27493,"minecraft:sneak_time":9934,"minecraft:walk_under_water_one_cm":512,"minecraft:jump":636,"minecraft:walk_on_water_one_cm":4388,"minecraft:fall_one_cm":12980},"minecraft:killed":{"minecraft:pig":7,"minecraft:sheep":2,"minecraft:zombie":6,"minecraft:cow":2},"minecraft:used":{"minecraft:oak_fence":2,"minecraft:diorite":5,"minecraft:stone_sword":40,"minecraft:birch_planks":8,"minecraft:stone_pickaxe":131,"minecraft:wooden_pickaxe":45,"minecraft:torch":19,"minecraft:dirt":14,"minecraft:crafting_table":1,"minecraft:granite":1,"minecraft:apple":2,"minecraft:bread":5,"minecraft:birch_sapling":2,"minecraft:iron_pickaxe":40,"minecraft:stone_axe":50,"minecraft:cobblestone":5,"minecraft:furnace":1,"minecraft:cooked_porkchop":6,"minecraft:egg":1}},"DataVersion":2586}