{"stats":{"minecraft:crafted":{"minecraft:crafting_table":1,"minecraft:stick":8,"minecraft:wooden_pickaxe":1,"minecraft:stone_pickaxe":1,"minecraft:stone_sword":1,"minecraft:torch":4,"minecraft:birch_planks":20,"minecraft:stone_axe":1},"minecraft:dropped":{"minecraft:cooked_porkchop":10,"minecraft:oak_sapling":2,"minecraft:cobblestone":3,"minecraft:rotten_flesh":3},"minecraft:picked_up":{"minecraft:birch_log":5,"minecraft:wheat":4,"minecraft:cooked_porkchop":20,"minecraft:leather":3,"minecraft:birch_planks":1,"minecraft:porkchop":15,"minecraft:carrot":1,"minecraft:shield":1,"minecraft:diorite":5,"minecraft:gunpowder":11,"minecraft:dirt":14,"minecraft:rotten_flesh":7,"minecraft:wheat_seeds":1,"minecraft:beef":4,"minecraft:granite":1,"minecraft:iron_ore":6,"minecraft:sugar_cane":23,"minecraft:mutton":2,"minecraft:light_gray_wool":1,"minecraft:chest":1,"minecraft:oak_sapling":2,"minecraft:melon_seeds":2,"minecraft:birch_sapling":2,"minecraft:oak_planks":2,"minecraft:coal":4,"minecraft:white_wool":1,"minecraft:furnace":1,"minecraft:cobblestone":47,"minecraft:egg":1},"minecraft:mined":{"minecraft:furnace":1,"minecraft:iron_ore":6,"minecraft:birch_log":5,"minecraft:grass":5,"minecraft:grass_block":1,"minecraft:coal_ore":4,"minecraft:dirt":3,"minecraft:sugar_cane":10,"minecraft:stone":40,"minecraft:oak_planks":1,"minecraft:oak_leaves":29},"minecraft:custom":{"minecraft:time_since_rest":53856,"minecraft:interact_with_furnace":3,"minecraft:sprint_one_cm":98943,"minecraft:damage_taken":665,"minecraft:walk_one_cm":179151,"minecraft:mob_kills":16,"minecraft:drop":18,"minecraft:damage_dealt":2409,"minecraft:swim_one_cm":375,"minecraft:interact_with_crafting_table":7,"minecraft:fly_one_cm":74943,"minecraft:open_chest":5,"minecraft:crouch_one_cm":21219,"minecraft:play_one_minute":53856,"minecraft:sneak_time":6581,"minecraft:walk_under_water_one_cm":512,"minecraft:jump":535,"minecraft:leave_game":3,"minecraft:walk_on_water_one_cm":4286,"minecraft:time_since_death":53856,"minecraft:fall_one_cm":11691},"minecraft:used":{"minecraft:diorite":3,"minecraft:apple":2,"minecraft:stone_sword":40,"minecraft:birch_planks":8,"minecraft:bread":5,"minecraft:stone_pickaxe":8,"minecraft:birch_sapling":2,"minecraft:wooden_pickaxe":45,"minecraft:stone_axe":31,"minecraft:torch":4,"minecraft:dirt":14,"minecraft:cobblestone":5,"minecraft:crafting_table":1,"minecraft:cooked_porkchop":4,"minecraft:egg":1,"minecraft:granite":1},"minecraft:killed":{"minecraft:sheep":2,"minecraft:pig":7,"minecraft:zombie":5,"minecraft:cow":2}},"DataVersion":2586}