{"stats":{"minecraft:dropped":{"minecraft:rotten_flesh":3,"minecraft:oak_sapling":2},"minecraft:picked_up":{"minecraft:cooked_porkchop":20,"minecraft:rotten_flesh":3,"minecraft:oak_sapling":2,"minecraft:egg":1},"minecraft:mined":{"minecraft:oak_leaves":29},"minecraft:custom":{"minecraft:time_since_rest":29856,"minecraft:open_chest":2,"minecraft:play_one_minute":29856,"minecraft:crouch_one_cm":15711,"minecraft:sprint_one_cm":18992,"minecraft:damage_taken":90,"minecraft:walk_one_cm":96269,"minecraft:sneak_time":4502,"minecraft:walk_under_water_one_cm":60,"minecraft:drop":5,"minecraft:jump":161,"minecraft:leave_game":3,"minecraft:time_since_death":29856,"minecraft:walk_on_water_one_cm":562,"minecraft:swim_one_cm":375,"minecraft:fall_one_cm":3178,"minecraft:fly_one_cm":13647},"minecraft:used":{"minecraft:apple":1,"minecraft:bread":1,"minecraft:egg":1}},"DataVersion":2586}