{"stats":{"minecraft:picked_up":{"minecraft:milk_bucket":1,"minecraft:rotten_flesh":2,"minecraft:wheat_seeds":2,"minecraft:bucket":1,"minecraft:gunpowder":1},"minecraft:custom":{"minecraft:time_since_rest":88149,"minecraft:open_chest":1,"minecraft:crouch_one_cm":3774,"minecraft:play_one_minute":88149,"minecraft:sprint_one_cm":19772,"minecraft:walk_one_cm":37275,"minecraft:sneak_time":2464,"minecraft:mob_kills":2,"minecraft:drop":2,"minecraft:jump":215,"minecraft:damage_dealt":399,"minecraft:leave_game":5,"minecraft:walk_on_water_one_cm":1678,"minecraft:time_since_death":88149,"minecraft:fly_one_cm":655862,"minecraft:horse_one_cm":87439},"minecraft:used":{"minecraft:dirt":5,"minecraft:grass_block":1,"minecraft:stone":4,"minecraft:splash_potion":885,"minecraft:milk_bucket":1},"minecraft:killed":{"minecraft:zombie":1,"minecraft:creeper":1},"minecraft:dropped":{"minecraft:milk_bucket":1,"minecraft:bucket":1}},"DataVersion":2586}