{"stats":{"minecraft:picked_up":{"minecraft:milk_bucket":1,"minecraft:rotten_flesh":2,"minecraft:wheat_seeds":2,"minecraft:bucket":1,"minecraft:light_gray_wool":1,"minecraft:gunpowder":1,"minecraft:mutton":2,"minecraft:phantom_membrane":2},"minecraft:custom":{"minecraft:open_chest":1,"minecraft:time_since_rest":239788,"minecraft:play_one_minute":239788,"minecraft:crouch_one_cm":5224,"minecraft:sprint_one_cm":41869,"minecraft:walk_one_cm":83275,"minecraft:sneak_time":3342,"minecraft:walk_under_water_one_cm":1583,"minecraft:mob_kills":7,"minecraft:drop":2,"minecraft:jump":575,"minecraft:damage_dealt":1309,"minecraft:leave_game":11,"minecraft:time_since_death":239788,"minecraft:walk_on_water_one_cm":3012,"minecraft:swim_one_cm":953,"minecraft:talked_to_villager":2,"minecraft:fly_one_cm":1438221,"minecraft:horse_one_cm":87439},"minecraft:used":{"minecraft:dirt":5,"minecraft:grass_block":5,"minecraft:stone":4,"minecraft:splash_potion":885,"minecraft:milk_bucket":1},"minecraft:dropped":{"minecraft:milk_bucket":1,"minecraft:bucket":1},"minecraft:killed":{"minecraft:sheep":1,"minecraft:zombie":1,"minecraft:creeper":1,"minecraft:phantom":4}},"DataVersion":2586}