{"stats":{"minecraft:picked_up":{"minecraft:milk_bucket":1,"minecraft:rotten_flesh":2,"minecraft:wheat_seeds":2,"minecraft:bucket":1,"minecraft:light_gray_wool":1,"minecraft:gunpowder":1,"minecraft:phantom_membrane":2,"minecraft:mutton":2},"minecraft:custom":{"minecraft:time_since_rest":181723,"minecraft:open_chest":1,"minecraft:crouch_one_cm":5224,"minecraft:play_one_minute":181723,"minecraft:sprint_one_cm":41849,"minecraft:walk_one_cm":81664,"minecraft:sneak_time":3294,"minecraft:mob_kills":7,"minecraft:drop":2,"minecraft:jump":566,"minecraft:damage_dealt":1309,"minecraft:leave_game":8,"minecraft:walk_on_water_one_cm":1678,"minecraft:time_since_death":181723,"minecraft:talked_to_villager":2,"minecraft:fly_one_cm":1410069,"minecraft:horse_one_cm":87439},"minecraft:used":{"minecraft:dirt":5,"minecraft:grass_block":5,"minecraft:stone":4,"minecraft:splash_potion":885,"minecraft:milk_bucket":1},"minecraft:dropped":{"minecraft:milk_bucket":1,"minecraft:bucket":1},"minecraft:killed":{"minecraft:sheep":1,"minecraft:zombie":1,"minecraft:creeper":1,"minecraft:phantom":4}},"DataVersion":2586}