{"stats":{"minecraft:custom":{"minecraft:jump":120,"minecraft:time_since_rest":61209,"minecraft:crouch_one_cm":1546,"minecraft:play_one_minute":61209,"minecraft:leave_game":2,"minecraft:sprint_one_cm":12521,"minecraft:time_since_death":61209,"minecraft:walk_one_cm":21048,"minecraft:sneak_time":1569,"minecraft:fly_one_cm":546787,"minecraft:horse_one_cm":87439},"minecraft:used":{"minecraft:stone":4,"minecraft:dirt":5,"minecraft:splash_potion":377,"minecraft:milk_bucket":1,"minecraft:grass_block":1}},"DataVersion":2586}