{"stats":{"minecraft:crafted":{"minecraft:oak_planks":96,"minecraft:crafting_table":1,"minecraft:wooden_pickaxe":1,"minecraft:stone_axe":1,"minecraft:air":0,"minecraft:shield":1,"minecraft:stick":16,"minecraft:iron_ingot":1,"minecraft:stone_pickaxe":1,"minecraft:stone_sword":1,"minecraft:torch":4},"minecraft:dropped":{"minecraft:gravel":5,"minecraft:wheat_seeds":3,"minecraft:rotten_flesh":1,"minecraft:oak_planks":56,"minecraft:enchanted_golden_apple":1,"minecraft:poppy":1,"minecraft:diorite":5,"minecraft:oak_sapling":1,"minecraft:stone_pickaxe":1,"minecraft:wooden_pickaxe":1},"minecraft:picked_up":{"minecraft:andesite":1,"minecraft:leather":9,"minecraft:oak_log":58,"minecraft:dirt":9,"minecraft:bone":3,"minecraft:bow":1,"minecraft:wheat_seeds":3,"minecraft:beef":20,"minecraft:iron_ore":1,"minecraft:poppy":1,"minecraft:enchanted_golden_apple":1,"minecraft:oak_planks":2,"minecraft:cooked_porkchop":17,"minecraft:torch":2,"minecraft:gravel":5,"minecraft:porkchop":9,"minecraft:diorite":5,"minecraft:carrot":1,"minecraft:arrow":2,"minecraft:rotten_flesh":12,"minecraft:oak_sapling":2,"minecraft:mutton":9,"minecraft:coal":51,"minecraft:white_wool":5,"minecraft:cobblestone":41},"minecraft:mined":{"minecraft:torch":1,"minecraft:grass_block":8,"minecraft:tall_grass":3,"minecraft:oak_planks":2,"minecraft:diorite":4,"minecraft:wall_torch":3,"minecraft:iron_ore":2,"minecraft:grass":10,"minecraft:oak_log":62,"minecraft:coal_ore":52,"minecraft:dirt":2,"minecraft:stone":39,"minecraft:oak_leaves":6},"minecraft:broken":{"minecraft:stone_sword":1},"minecraft:custom":{"minecraft:interact_with_furnace":4,"minecraft:mob_kills":43,"minecraft:interact_with_crafting_table":10,"minecraft:play_one_minute":85512,"minecraft:leave_game":4,"minecraft:time_since_death":66691,"minecraft:time_since_rest":67438,"minecraft:sprint_one_cm":137523,"minecraft:damage_taken":775,"minecraft:walk_one_cm":380752,"minecraft:drop":16,"minecraft:damage_dealt":6762,"minecraft:fly_one_cm":147780,"minecraft:open_chest":9,"minecraft:crouch_one_cm":3370,"minecraft:deaths":1,"minecraft:sneak_time":1559,"minecraft:walk_under_water_one_cm":1342,"minecraft:jump":1227,"minecraft:walk_on_water_one_cm":2341,"minecraft:fall_one_cm":20269,"minecraft:horse_one_cm":15882},"minecraft:killed_by":{"minecraft:skeleton":1},"minecraft:killed":{"minecraft:pig":5,"minecraft:spider":2,"minecraft:sheep":6,"minecraft:skeleton":3,"minecraft:zombie":19,"minecraft:cow":10},"minecraft:used":{"minecraft:stone_sword":137,"minecraft:stone_pickaxe":65,"minecraft:wooden_pickaxe":32,"minecraft:shield":19,"minecraft:rotten_flesh":2,"minecraft:torch":6,"minecraft:dirt":9,"minecraft:crafting_table":1,"minecraft:stone_axe":40,"minecraft:oak_sapling":1,"minecraft:cooked_porkchop":7,"minecraft:andesite":1}},"DataVersion":2586}