{"stats":{"minecraft:crafted":{"minecraft:oak_planks":96,"minecraft:crafting_table":1,"minecraft:stick":8,"minecraft:wooden_pickaxe":1,"minecraft:stone_pickaxe":1},"minecraft:dropped":{"minecraft:wheat_seeds":3,"minecraft:diorite":5,"minecraft:oak_sapling":1,"minecraft:oak_planks":56,"minecraft:wooden_pickaxe":1},"minecraft:picked_up":{"minecraft:cooked_porkchop":16,"minecraft:oak_log":26,"minecraft:diorite":5,"minecraft:dirt":8,"minecraft:rotten_flesh":2,"minecraft:wheat_seeds":3,"minecraft:oak_sapling":2,"minecraft:cobblestone":20},"minecraft:mined":{"minecraft:grass":7,"minecraft:grass_block":7,"minecraft:oak_log":30,"minecraft:dirt":1,"minecraft:tall_grass":1,"minecraft:stone":28,"minecraft:diorite":4,"minecraft:oak_leaves":2},"minecraft:custom":{"minecraft:time_since_rest":30889,"minecraft:sprint_one_cm":32918,"minecraft:damage_taken":390,"minecraft:walk_one_cm":161374,"minecraft:mob_kills":2,"minecraft:drop":11,"minecraft:damage_dealt":590,"minecraft:interact_with_crafting_table":4,"minecraft:fly_one_cm":51790,"minecraft:play_one_minute":48963,"minecraft:crouch_one_cm":3156,"minecraft:deaths":1,"minecraft:sneak_time":1477,"minecraft:jump":486,"minecraft:leave_game":3,"minecraft:time_since_death":30142,"minecraft:walk_on_water_one_cm":423,"minecraft:fall_one_cm":6833},"minecraft:killed_by":{"minecraft:skeleton":1},"minecraft:used":{"minecraft:wooden_pickaxe":32,"minecraft:rotten_flesh":2,"minecraft:dirt":8,"minecraft:crafting_table":1,"minecraft:oak_sapling":1},"minecraft:killed":{"minecraft:zombie":2}},"DataVersion":2586}