{"stats":{"minecraft:dropped":{"minecraft:wheat_seeds":2},"minecraft:picked_up":{"minecraft:rotten_flesh":2,"minecraft:wheat_seeds":2,"minecraft:oak_log":2,"minecraft:dirt":8},"minecraft:mined":{"minecraft:grass":4,"minecraft:grass_block":7,"minecraft:oak_log":2,"minecraft:dirt":1,"minecraft:tall_grass":1},"minecraft:custom":{"minecraft:time_since_rest":6889,"minecraft:crouch_one_cm":1273,"minecraft:play_one_minute":24963,"minecraft:damage_taken":270,"minecraft:sprint_one_cm":25895,"minecraft:deaths":1,"minecraft:walk_one_cm":72481,"minecraft:sneak_time":573,"minecraft:mob_kills":2,"minecraft:drop":2,"minecraft:jump":295,"minecraft:damage_dealt":590,"minecraft:leave_game":3,"minecraft:walk_on_water_one_cm":423,"minecraft:time_since_death":6142,"minecraft:fall_one_cm":4549,"minecraft:fly_one_cm":48804},"minecraft:killed_by":{"minecraft:skeleton":1},"minecraft:killed":{"minecraft:zombie":2},"minecraft:used":{"minecraft:rotten_flesh":2,"minecraft:dirt":8}},"DataVersion":2586}