{"stats":{"minecraft:crafted":{"minecraft:oak_planks":96,"minecraft:shield":1,"minecraft:crafting_table":1,"minecraft:stick":16,"minecraft:iron_ingot":1,"minecraft:wooden_pickaxe":1,"minecraft:stone_pickaxe":1,"minecraft:stone_sword":1,"minecraft:torch":4,"minecraft:stone_axe":1,"minecraft:air":0},"minecraft:dropped":{"minecraft:wheat_seeds":3,"minecraft:diorite":5,"minecraft:oak_sapling":1,"minecraft:rotten_flesh":1,"minecraft:oak_planks":56,"minecraft:wooden_pickaxe":1},"minecraft:picked_up":{"minecraft:cooked_porkchop":17,"minecraft:torch":2,"minecraft:oak_log":53,"minecraft:diorite":5,"minecraft:dirt":9,"minecraft:rotten_flesh":3,"minecraft:wheat_seeds":3,"minecraft:iron_ore":1,"minecraft:oak_sapling":2,"minecraft:oak_planks":2,"minecraft:coal":6,"minecraft:cobblestone":26},"minecraft:mined":{"minecraft:iron_ore":2,"minecraft:torch":1,"minecraft:grass":7,"minecraft:coal_ore":6,"minecraft:grass_block":7,"minecraft:oak_log":57,"minecraft:dirt":2,"minecraft:tall_grass":1,"minecraft:stone":34,"minecraft:oak_planks":2,"minecraft:diorite":4,"minecraft:oak_leaves":6,"minecraft:wall_torch":3},"minecraft:custom":{"minecraft:time_since_rest":42889,"minecraft:interact_with_furnace":4,"minecraft:sprint_one_cm":63260,"minecraft:damage_taken":390,"minecraft:walk_one_cm":230881,"minecraft:mob_kills":11,"minecraft:drop":12,"minecraft:damage_dealt":2489,"minecraft:interact_with_crafting_table":10,"minecraft:fly_one_cm":67544,"minecraft:open_chest":3,"minecraft:play_one_minute":60963,"minecraft:crouch_one_cm":3215,"minecraft:deaths":1,"minecraft:sneak_time":1494,"minecraft:jump":647,"minecraft:leave_game":3,"minecraft:time_since_death":42142,"minecraft:walk_on_water_one_cm":1868,"minecraft:fall_one_cm":9732,"minecraft:horse_one_cm":15882},"minecraft:killed_by":{"minecraft:skeleton":1},"minecraft:killed":{"minecraft:zombie":11,"minecraft:spider":1},"minecraft:used":{"minecraft:stone_sword":43,"minecraft:stone_pickaxe":14,"minecraft:shield":1,"minecraft:wooden_pickaxe":32,"minecraft:stone_axe":33,"minecraft:rotten_flesh":2,"minecraft:torch":1,"minecraft:dirt":9,"minecraft:crafting_table":1,"minecraft:oak_sapling":1,"minecraft:cooked_porkchop":1}},"DataVersion":2586}