{"stats":{"minecraft:dropped":{"minecraft:wheat_seeds":2,"minecraft:oak_sapling":1},"minecraft:picked_up":{"minecraft:cooked_porkchop":16,"minecraft:rotten_flesh":2,"minecraft:wheat_seeds":2,"minecraft:oak_log":2,"minecraft:oak_sapling":1,"minecraft:dirt":8},"minecraft:mined":{"minecraft:grass":4,"minecraft:grass_block":7,"minecraft:oak_log":2,"minecraft:dirt":1,"minecraft:tall_grass":1},"minecraft:custom":{"minecraft:time_since_rest":18889,"minecraft:crouch_one_cm":2055,"minecraft:play_one_minute":36963,"minecraft:damage_taken":270,"minecraft:sprint_one_cm":25895,"minecraft:deaths":1,"minecraft:walk_one_cm":115507,"minecraft:sneak_time":764,"minecraft:mob_kills":2,"minecraft:drop":3,"minecraft:jump":393,"minecraft:damage_dealt":590,"minecraft:leave_game":3,"minecraft:walk_on_water_one_cm":423,"minecraft:time_since_death":18142,"minecraft:fall_one_cm":4818,"minecraft:fly_one_cm":49445},"minecraft:killed_by":{"minecraft:skeleton":1},"minecraft:killed":{"minecraft:zombie":2},"minecraft:used":{"minecraft:rotten_flesh":2,"minecraft:dirt":8}},"DataVersion":2586}