{"stats":{"minecraft:crafted":{"minecraft:oak_planks":96,"minecraft:shield":1,"minecraft:crafting_table":1,"minecraft:stick":16,"minecraft:iron_ingot":1,"minecraft:wooden_pickaxe":1,"minecraft:stone_pickaxe":1,"minecraft:stone_sword":1,"minecraft:torch":4,"minecraft:stone_axe":1,"minecraft:air":0},"minecraft:dropped":{"minecraft:poppy":1,"minecraft:wheat_seeds":3,"minecraft:diorite":5,"minecraft:oak_sapling":1,"minecraft:rotten_flesh":1,"minecraft:oak_planks":56,"minecraft:wooden_pickaxe":1},"minecraft:picked_up":{"minecraft:cooked_porkchop":17,"minecraft:leather":9,"minecraft:torch":2,"minecraft:porkchop":9,"minecraft:oak_log":58,"minecraft:diorite":5,"minecraft:dirt":9,"minecraft:rotten_flesh":3,"minecraft:wheat_seeds":3,"minecraft:beef":20,"minecraft:iron_ore":1,"minecraft:poppy":1,"minecraft:mutton":9,"minecraft:oak_sapling":2,"minecraft:oak_planks":2,"minecraft:coal":26,"minecraft:white_wool":5,"minecraft:cobblestone":26},"minecraft:mined":{"minecraft:iron_ore":2,"minecraft:torch":1,"minecraft:grass":10,"minecraft:coal_ore":27,"minecraft:grass_block":8,"minecraft:oak_log":62,"minecraft:dirt":2,"minecraft:tall_grass":3,"minecraft:stone":34,"minecraft:oak_planks":2,"minecraft:diorite":4,"minecraft:oak_leaves":6,"minecraft:wall_torch":3},"minecraft:custom":{"minecraft:time_since_rest":54889,"minecraft:interact_with_furnace":4,"minecraft:sprint_one_cm":110658,"minecraft:damage_taken":410,"minecraft:walk_one_cm":298371,"minecraft:mob_kills":32,"minecraft:drop":13,"minecraft:damage_dealt":4516,"minecraft:interact_with_crafting_table":10,"minecraft:fly_one_cm":126184,"minecraft:open_chest":4,"minecraft:play_one_minute":72963,"minecraft:crouch_one_cm":3370,"minecraft:deaths":1,"minecraft:sneak_time":1551,"minecraft:walk_under_water_one_cm":1342,"minecraft:jump":1004,"minecraft:leave_game":3,"minecraft:time_since_death":54142,"minecraft:walk_on_water_one_cm":2341,"minecraft:fall_one_cm":16762,"minecraft:horse_one_cm":15882},"minecraft:killed_by":{"minecraft:skeleton":1},"minecraft:used":{"minecraft:stone_sword":94,"minecraft:stone_pickaxe":35,"minecraft:shield":7,"minecraft:wooden_pickaxe":32,"minecraft:stone_axe":38,"minecraft:rotten_flesh":2,"minecraft:torch":2,"minecraft:dirt":9,"minecraft:crafting_table":1,"minecraft:oak_sapling":1,"minecraft:cooked_porkchop":3},"minecraft:killed":{"minecraft:sheep":6,"minecraft:skeleton":1,"minecraft:pig":5,"minecraft:zombie":11,"minecraft:spider":1,"minecraft:cow":10}},"DataVersion":2586}