{"stats":{"minecraft:custom":{"minecraft:jump":79,"minecraft:time_since_rest":12065,"minecraft:damage_dealt":50,"minecraft:damage_taken":500,"minecraft:leave_game":3,"minecraft:play_time":15032,"minecraft:sprint_one_cm":8803,"minecraft:time_since_death":12021,"minecraft:walk_one_cm":8111,"minecraft:deaths":2,"minecraft:total_world_time":15032,"minecraft:fall_one_cm":2037,"minecraft:fly_one_cm":107534},"minecraft:used":{"paraglider:goddess_statue":1,"ecologics:penguin_spawn_egg":1,"immersive_paintings:glow_graffiti":1,"immersive_paintings:painting":1,"immersive_paintings:graffiti":6},"minecraft:killed_by":{"naturalist:rattlesnake":2}},"DataVersion":3465}