{"stats":{"minecraft:custom":{"minecraft:jump":73,"minecraft:time_since_rest":4526,"minecraft:damage_dealt":10,"minecraft:damage_taken":500,"minecraft:leave_game":2,"minecraft:play_time":7493,"minecraft:sprint_one_cm":7909,"minecraft:time_since_death":4482,"minecraft:walk_one_cm":3642,"minecraft:deaths":2,"minecraft:total_world_time":7493,"minecraft:fall_one_cm":2037,"minecraft:fly_one_cm":43061},"minecraft:used":{"paraglider:goddess_statue":1},"minecraft:killed_by":{"naturalist:rattlesnake":2}},"DataVersion":3465}