{"stats":{"minecraft:dropped":{"modieslanza:mochila":3,"modieslanza:hollowme":4,"minecraft:wheat_seeds":1,"minecraft:totem_of_undying":4},"minecraft:custom":{"minecraft:time_since_rest":17982,"minecraft:crouch_one_cm":109,"minecraft:damage_absorbed":25,"minecraft:sprint_one_cm":17001,"minecraft:play_time":17982,"minecraft:damage_taken":415,"minecraft:walk_one_cm":18775,"minecraft:sneak_time":83,"minecraft:drop":12,"minecraft:jump":142,"minecraft:damage_dealt":145,"minecraft:leave_game":2,"minecraft:play_record":2,"minecraft:time_since_death":17982,"minecraft:total_world_time":17982,"minecraft:fall_one_cm":3214,"minecraft:fly_one_cm":120527},"minecraft:mined":{"minecraft:grass":3,"biomesoplenty:barley":1,"minecraft:fern":2},"minecraft:used":{"modieslanza:hollowme":2,"minecraft:totem_of_undying":1,"minecraft:jukebox":1},"minecraft:picked_up":{"minecraft:wheat_seeds":1,"modieslanza:mochila":3,"minecraft:totem_of_undying":4,"modieslanza:hollowme":6}},"DataVersion":3465}