{"stats":{"minecraft:mined":{"minecraft:tall_grass":3},"minecraft:custom":{"minecraft:time_since_rest":7274,"minecraft:damage_dealt":240,"minecraft:leave_game":6,"minecraft:play_time":7274,"minecraft:sprint_one_cm":12594,"minecraft:time_since_death":7136,"minecraft:walk_one_cm":9956,"minecraft:total_world_time":7274,"minecraft:mob_kills":3,"minecraft:fly_one_cm":31891,"minecraft:drop":8,"minecraft:jump":114},"minecraft:dropped":{"modieslanza:mochila":5,"minecraft:wheat_seeds":1,"modieslanza:totem_perro":2},"minecraft:picked_up":{"modieslanza:mochila":5,"minecraft:mutton":4,"minecraft:wheat_seeds":1,"minecraft:white_wool":3,"modieslanza:totem_perro":2},"minecraft:killed":{"minecraft:sheep":3},"minecraft:used":{"regions_unexplored:peat_dirt":2,"regions_unexplored:peat_grass_block":2}},"DataVersion":3465}