{"stats":{"minecraft:picked_up":{"minecraft:cooked_porkchop":16,"minecraft:oak_sapling":1},"minecraft:mined":{"minecraft:oak_leaves":17},"minecraft:custom":{"minecraft:jump":51,"minecraft:time_since_rest":19917,"minecraft:crouch_one_cm":1397,"minecraft:sprint_one_cm":2176,"minecraft:play_one_minute":20244,"minecraft:walk_on_water_one_cm":1524,"minecraft:leave_game":1,"minecraft:walk_one_cm":43973,"minecraft:damage_taken":350,"minecraft:time_since_death":19117,"minecraft:deaths":1,"minecraft:sneak_time":652,"minecraft:fall_one_cm":1710,"minecraft:fly_one_cm":2849},"minecraft:killed_by":{"minecraft:skeleton":1}},"DataVersion":2586}