{"stats":{"minecraft:crafted":{"minecraft:wooden_sword":1,"minecraft:oak_planks":8,"minecraft:stone_axe":1,"minecraft:stone_pickaxe":1,"minecraft:stick":12,"minecraft:wooden_pickaxe":1,"minecraft:wooden_axe":1},"minecraft:picked_up":{"minecraft:crafting_table":1,"minecraft:stick":2,"minecraft:cooked_porkchop":16,"minecraft:andesite":1,"minecraft:apple":1,"minecraft:wheat_seeds":1,"minecraft:oak_log":20,"minecraft:diorite":5,"minecraft:oak_sapling":8,"minecraft:oak_planks":76,"minecraft:dirt":1,"minecraft:cobblestone":56},"minecraft:mined":{"minecraft:grass":2,"minecraft:oak_log":16,"minecraft:dirt":1,"minecraft:stone":26,"minecraft:andesite":1,"minecraft:diorite":6,"minecraft:crafting_table":1,"minecraft:oak_leaves":22},"minecraft:custom":{"minecraft:time_since_rest":31917,"minecraft:play_one_minute":32244,"minecraft:crouch_one_cm":2527,"minecraft:deaths":1,"minecraft:sprint_one_cm":15878,"minecraft:damage_taken":370,"minecraft:walk_one_cm":87241,"minecraft:sneak_time":1686,"minecraft:jump":123,"minecraft:leave_game":1,"minecraft:time_since_death":31117,"minecraft:walk_on_water_one_cm":1524,"minecraft:interact_with_crafting_table":3,"minecraft:fall_one_cm":2612,"minecraft:fly_one_cm":8330},"minecraft:killed_by":{"minecraft:skeleton":1},"minecraft:used":{"minecraft:wooden_axe":19,"minecraft:cobblestone":10,"minecraft:crafting_table":1,"minecraft:cooked_porkchop":1,"minecraft:wooden_pickaxe":34}},"DataVersion":2586}