{"stats":{"minecraft:crafted":{"minecraft:wooden_sword":1,"minecraft:oak_planks":8,"minecraft:wooden_pickaxe":1,"minecraft:furnace":1,"minecraft:stone_axe":1,"minecraft:charcoal":3,"minecraft:shield":1,"minecraft:stick":12,"minecraft:iron_ingot":3,"minecraft:stone_pickaxe":1,"minecraft:wooden_axe":1,"minecraft:stone_sword":1,"minecraft:torch":12},"minecraft:dropped":{"minecraft:poppy":3},"minecraft:picked_up":{"minecraft:crafting_table":1,"minecraft:andesite":2,"minecraft:leather":8,"minecraft:birch_planks":7,"minecraft:oak_log":31,"minecraft:cornflower":2,"minecraft:dirt":2,"minecraft:apple":3,"minecraft:wheat_seeds":4,"minecraft:beef":18,"minecraft:iron_ore":3,"minecraft:poppy":4,"minecraft:light_gray_wool":1,"minecraft:chest":1,"minecraft:oak_planks":77,"minecraft:stick":2,"minecraft:cooked_porkchop":16,"minecraft:oak_door":1,"minecraft:torch":2,"minecraft:porkchop":8,"minecraft:diorite":5,"minecraft:arrow":2,"minecraft:rotten_flesh":5,"minecraft:oak_sapling":8,"minecraft:mutton":7,"minecraft:coal":31,"minecraft:white_wool":4,"minecraft:cobblestone":61},"minecraft:mined":{"minecraft:oak_door":1,"minecraft:crafting_table":1,"minecraft:cornflower":2,"minecraft:torch":1,"minecraft:poppy":6,"minecraft:chest":2,"minecraft:tall_grass":7,"minecraft:oak_planks":1,"minecraft:diorite":6,"minecraft:large_fern":1,"minecraft:birch_planks":8,"minecraft:iron_ore":2,"minecraft:andesite":2,"minecraft:grass":13,"minecraft:oak_log":27,"minecraft:coal_ore":30,"minecraft:dirt":1,"minecraft:stone":31,"minecraft:oak_leaves":26},"minecraft:custom":{"minecraft:interact_with_furnace":4,"minecraft:mob_kills":20,"minecraft:interact_with_crafting_table":5,"minecraft:play_one_minute":56244,"minecraft:leave_game":1,"minecraft:time_since_death":55117,"minecraft:time_since_rest":55917,"minecraft:sprint_one_cm":68680,"minecraft:damage_taken":410,"minecraft:walk_one_cm":146136,"minecraft:drop":3,"minecraft:damage_dealt":2024,"minecraft:fly_one_cm":38564,"minecraft:open_chest":3,"minecraft:crouch_one_cm":6421,"minecraft:deaths":1,"minecraft:sneak_time":3222,"minecraft:jump":345,"minecraft:walk_on_water_one_cm":2808,"minecraft:fall_one_cm":3452,"minecraft:horse_one_cm":556288},"minecraft:killed_by":{"minecraft:skeleton":1},"minecraft:killed":{"minecraft:pig":6,"minecraft:sheep":4,"minecraft:cow":9},"minecraft:used":{"minecraft:diorite":5,"minecraft:stone_sword":89,"minecraft:stone_pickaxe":39,"minecraft:oak_planks":16,"minecraft:wooden_pickaxe":34,"minecraft:torch":5,"minecraft:crafting_table":1,"minecraft:wooden_axe":19,"minecraft:stone_axe":23,"minecraft:cobblestone":10,"minecraft:furnace":1,"minecraft:cooked_porkchop":2}},"DataVersion":2586}