{"stats":{"minecraft:crafted":{"minecraft:wooden_sword":1,"minecraft:oak_planks":8,"minecraft:crafting_table":2,"minecraft:wooden_pickaxe":1,"minecraft:furnace":2,"minecraft:stone_axe":1,"minecraft:charcoal":3,"minecraft:shield":1,"minecraft:stick":20,"minecraft:iron_ingot":3,"minecraft:stone_pickaxe":2,"minecraft:wooden_axe":1,"minecraft:stone_sword":1,"minecraft:white_bed":1,"minecraft:torch":40},"minecraft:dropped":{"minecraft:poppy":3},"minecraft:picked_up":{"minecraft:crafting_table":1,"minecraft:andesite":2,"minecraft:leather":8,"minecraft:birch_planks":7,"minecraft:oak_log":63,"minecraft:cornflower":2,"minecraft:dirt":77,"minecraft:apple":3,"minecraft:wheat_seeds":4,"minecraft:beef":18,"minecraft:stone_pickaxe":1,"minecraft:iron_ore":9,"minecraft:poppy":4,"minecraft:light_gray_wool":1,"minecraft:chest":1,"minecraft:oak_planks":82,"minecraft:stick":2,"minecraft:cooked_porkchop":16,"minecraft:oak_door":1,"minecraft:torch":5,"minecraft:gravel":7,"minecraft:porkchop":8,"minecraft:diorite":5,"minecraft:arrow":2,"minecraft:rotten_flesh":7,"minecraft:granite":15,"minecraft:oak_sapling":8,"minecraft:mutton":7,"minecraft:coal":108,"minecraft:white_wool":4,"minecraft:cobblestone":150},"minecraft:mined":{"minecraft:oak_door":1,"minecraft:crafting_table":2,"minecraft:cornflower":2,"minecraft:torch":2,"minecraft:granite":15,"minecraft:grass_block":2,"minecraft:poppy":6,"minecraft:chest":2,"minecraft:cobblestone":4,"minecraft:tall_grass":7,"minecraft:oak_planks":5,"minecraft:diorite":6,"minecraft:wall_torch":1,"minecraft:large_fern":1,"minecraft:birch_planks":8,"minecraft:iron_ore":8,"minecraft:andesite":2,"minecraft:grass":14,"minecraft:oak_log":27,"minecraft:coal_ore":107,"minecraft:gravel":9,"minecraft:dirt":78,"minecraft:stone":117,"minecraft:oak_leaves":26},"minecraft:broken":{"minecraft:stone_pickaxe":2},"minecraft:custom":{"minecraft:interact_with_furnace":5,"minecraft:mob_kills":21,"minecraft:interact_with_crafting_table":12,"minecraft:play_one_minute":80244,"minecraft:leave_game":1,"minecraft:time_since_death":79117,"minecraft:time_since_rest":79917,"minecraft:sprint_one_cm":120667,"minecraft:damage_taken":715,"minecraft:walk_one_cm":235978,"minecraft:drop":3,"minecraft:damage_dealt":2373,"minecraft:fly_one_cm":52890,"minecraft:open_chest":7,"minecraft:crouch_one_cm":7980,"minecraft:deaths":1,"minecraft:sneak_time":4245,"minecraft:jump":469,"minecraft:walk_on_water_one_cm":2808,"minecraft:fall_one_cm":5446,"minecraft:horse_one_cm":558381},"minecraft:killed_by":{"minecraft:skeleton":1},"minecraft:killed":{"minecraft:pig":6,"minecraft:sheep":4,"minecraft:zombie":1,"minecraft:cow":9},"minecraft:used":{"minecraft:diorite":5,"minecraft:stone_sword":98,"minecraft:stone_pickaxe":261,"minecraft:oak_planks":20,"minecraft:chest":1,"minecraft:wooden_pickaxe":34,"minecraft:oak_door":1,"minecraft:torch":28,"minecraft:crafting_table":3,"minecraft:white_bed":1,"minecraft:wooden_axe":19,"minecraft:gravel":2,"minecraft:stone_axe":32,"minecraft:cobblestone":89,"minecraft:furnace":2,"minecraft:cooked_porkchop":7}},"DataVersion":2586}