{"stats":{"minecraft:crafted":{"minecraft:cooked_beef":18,"minecraft:wooden_sword":1,"minecraft:oak_planks":8,"minecraft:cooked_porkchop":8,"minecraft:crafting_table":2,"minecraft:oak_pressure_plate":1,"minecraft:wooden_pickaxe":1,"minecraft:furnace":3,"minecraft:bucket":1,"minecraft:stone_axe":1,"minecraft:charcoal":3,"minecraft:shield":1,"minecraft:stick":28,"minecraft:iron_ingot":13,"minecraft:oak_stairs":8,"minecraft:stone_pickaxe":3,"minecraft:wooden_axe":1,"minecraft:stone_sword":2,"minecraft:white_bed":1,"minecraft:torch":52,"minecraft:oak_fence":3},"minecraft:dropped":{"minecraft:poppy":3},"minecraft:picked_up":{"minecraft:crafting_table":1,"minecraft:andesite":2,"minecraft:leather":8,"minecraft:oak_stairs":2,"minecraft:birch_planks":7,"minecraft:oak_log":63,"minecraft:cornflower":2,"minecraft:dirt":111,"minecraft:bone":2,"minecraft:apple":3,"minecraft:wheat_seeds":4,"minecraft:stone_pickaxe":1,"minecraft:beef":18,"minecraft:iron_ore":18,"minecraft:poppy":4,"minecraft:light_gray_wool":1,"minecraft:chest":1,"minecraft:oak_planks":86,"minecraft:stick":2,"minecraft:cooked_porkchop":16,"minecraft:oak_door":1,"minecraft:torch":6,"minecraft:gravel":9,"minecraft:porkchop":8,"minecraft:diorite":7,"minecraft:arrow":3,"minecraft:rotten_flesh":7,"minecraft:granite":21,"minecraft:oak_sapling":8,"minecraft:mutton":7,"minecraft:coal":135,"minecraft:white_wool":4,"minecraft:cobblestone":201},"minecraft:mined":{"minecraft:oak_door":1,"minecraft:crafting_table":2,"minecraft:cornflower":2,"minecraft:torch":2,"minecraft:granite":21,"minecraft:grass_block":2,"minecraft:poppy":6,"minecraft:chest":2,"minecraft:tall_grass":7,"minecraft:cobblestone":10,"minecraft:oak_planks":9,"minecraft:diorite":8,"minecraft:wall_torch":1,"minecraft:large_fern":1,"minecraft:birch_planks":8,"minecraft:iron_ore":17,"minecraft:andesite":2,"minecraft:grass":14,"minecraft:oak_log":27,"minecraft:coal_ore":134,"minecraft:oak_stairs":2,"minecraft:gravel":11,"minecraft:dirt":94,"minecraft:stone":165,"minecraft:oak_leaves":26},"minecraft:broken":{"minecraft:stone_pickaxe":3},"minecraft:custom":{"minecraft:interact_with_furnace":13,"minecraft:mob_kills":24,"minecraft:interact_with_crafting_table":23,"minecraft:play_one_minute":120111,"minecraft:leave_game":3,"minecraft:time_since_death":118984,"minecraft:sleep_in_bed":1,"minecraft:time_since_rest":35796,"minecraft:sprint_one_cm":234883,"minecraft:damage_taken":1106,"minecraft:walk_one_cm":331654,"minecraft:drop":3,"minecraft:damage_dealt":2727,"minecraft:fly_one_cm":99597,"minecraft:open_chest":15,"minecraft:crouch_one_cm":9321,"minecraft:deaths":1,"minecraft:sneak_time":5349,"minecraft:walk_under_water_one_cm":18,"minecraft:jump":771,"minecraft:walk_on_water_one_cm":5059,"minecraft:fall_one_cm":8202,"minecraft:horse_one_cm":673067},"minecraft:killed_by":{"minecraft:skeleton":1},"minecraft:killed":{"minecraft:pig":6,"minecraft:sheep":4,"minecraft:skeleton":1,"minecraft:zombie":2,"minecraft:cow":9},"minecraft:used":{"minecraft:oak_fence":1,"minecraft:diorite":5,"minecraft:stone_sword":107,"minecraft:stone_pickaxe":359,"minecraft:oak_planks":20,"minecraft:shield":10,"minecraft:chest":1,"minecraft:wooden_pickaxe":34,"minecraft:oak_door":1,"minecraft:torch":50,"minecraft:crafting_table":3,"minecraft:white_bed":1,"minecraft:granite":1,"minecraft:wooden_axe":19,"minecraft:apple":1,"minecraft:oak_stairs":10,"minecraft:oak_pressure_plate":1,"minecraft:gravel":2,"minecraft:stone_axe":48,"minecraft:cobblestone":117,"minecraft:furnace":3,"minecraft:cooked_porkchop":12}},"DataVersion":2586}