{"stats":{"minecraft:mined":{"minecraft:oak_leaves":2},"minecraft:custom":{"minecraft:jump":11,"minecraft:time_since_rest":7917,"minecraft:crouch_one_cm":87,"minecraft:sprint_one_cm":262,"minecraft:play_one_minute":8244,"minecraft:walk_on_water_one_cm":1524,"minecraft:leave_game":1,"minecraft:walk_one_cm":5381,"minecraft:damage_taken":350,"minecraft:time_since_death":7117,"minecraft:deaths":1,"minecraft:sneak_time":61,"minecraft:fall_one_cm":1292,"minecraft:fly_one_cm":2151},"minecraft:killed_by":{"minecraft:skeleton":1}},"DataVersion":2586}