{"stats":{"minecraft:crafted":{"minecraft:wooden_sword":1,"minecraft:oak_planks":8,"minecraft:charcoal":3,"minecraft:shield":1,"minecraft:stick":12,"minecraft:iron_ingot":3,"minecraft:wooden_pickaxe":1,"minecraft:stone_pickaxe":1,"minecraft:wooden_axe":1,"minecraft:stone_sword":1,"minecraft:furnace":1,"minecraft:torch":12,"minecraft:stone_axe":1},"minecraft:dropped":{"minecraft:poppy":2},"minecraft:picked_up":{"minecraft:stick":2,"minecraft:crafting_table":1,"minecraft:cooked_porkchop":16,"minecraft:andesite":2,"minecraft:torch":2,"minecraft:birch_planks":7,"minecraft:porkchop":3,"minecraft:oak_log":21,"minecraft:diorite":5,"minecraft:dirt":1,"minecraft:rotten_flesh":5,"minecraft:apple":1,"minecraft:wheat_seeds":1,"minecraft:iron_ore":3,"minecraft:poppy":3,"minecraft:oak_sapling":8,"minecraft:chest":1,"minecraft:oak_planks":76,"minecraft:coal":18,"minecraft:cobblestone":60},"minecraft:mined":{"minecraft:birch_planks":8,"minecraft:iron_ore":2,"minecraft:andesite":2,"minecraft:torch":1,"minecraft:crafting_table":1,"minecraft:grass":5,"minecraft:poppy":5,"minecraft:coal_ore":18,"minecraft:oak_log":17,"minecraft:chest":2,"minecraft:dirt":1,"minecraft:stone":30,"minecraft:diorite":6,"minecraft:oak_leaves":25},"minecraft:custom":{"minecraft:time_since_rest":43917,"minecraft:interact_with_furnace":4,"minecraft:sprint_one_cm":50817,"minecraft:damage_taken":370,"minecraft:walk_one_cm":122453,"minecraft:mob_kills":1,"minecraft:drop":2,"minecraft:damage_dealt":113,"minecraft:interact_with_crafting_table":5,"minecraft:fly_one_cm":24033,"minecraft:open_chest":1,"minecraft:crouch_one_cm":4929,"minecraft:play_one_minute":44244,"minecraft:deaths":1,"minecraft:sneak_time":2805,"minecraft:jump":236,"minecraft:leave_game":1,"minecraft:walk_on_water_one_cm":2808,"minecraft:time_since_death":43117,"minecraft:fall_one_cm":3243,"minecraft:horse_one_cm":137972},"minecraft:killed_by":{"minecraft:skeleton":1},"minecraft:killed":{"minecraft:pig":1},"minecraft:used":{"minecraft:wooden_axe":19,"minecraft:stone_sword":19,"minecraft:stone_pickaxe":26,"minecraft:wooden_pickaxe":34,"minecraft:stone_axe":10,"minecraft:torch":5,"minecraft:cobblestone":10,"minecraft:crafting_table":1,"minecraft:furnace":1,"minecraft:cooked_porkchop":1}},"DataVersion":2586}