{"stats":{"minecraft:crafted":{"minecraft:wooden_sword":1,"minecraft:oak_planks":8,"minecraft:crafting_table":1,"minecraft:wooden_pickaxe":1,"minecraft:furnace":1,"minecraft:stone_axe":1,"minecraft:charcoal":3,"minecraft:shield":1,"minecraft:stick":20,"minecraft:iron_ingot":3,"minecraft:stone_pickaxe":2,"minecraft:wooden_axe":1,"minecraft:stone_sword":1,"minecraft:torch":40},"minecraft:dropped":{"minecraft:poppy":3},"minecraft:picked_up":{"minecraft:crafting_table":1,"minecraft:andesite":2,"minecraft:leather":8,"minecraft:birch_planks":7,"minecraft:oak_log":63,"minecraft:cornflower":2,"minecraft:dirt":5,"minecraft:apple":3,"minecraft:wheat_seeds":4,"minecraft:beef":18,"minecraft:stone_pickaxe":1,"minecraft:iron_ore":9,"minecraft:poppy":4,"minecraft:light_gray_wool":1,"minecraft:chest":1,"minecraft:oak_planks":82,"minecraft:stick":2,"minecraft:cooked_porkchop":16,"minecraft:oak_door":1,"minecraft:torch":3,"minecraft:porkchop":8,"minecraft:diorite":5,"minecraft:arrow":2,"minecraft:rotten_flesh":7,"minecraft:oak_sapling":8,"minecraft:mutton":7,"minecraft:coal":108,"minecraft:white_wool":4,"minecraft:cobblestone":67},"minecraft:mined":{"minecraft:oak_door":1,"minecraft:crafting_table":2,"minecraft:cornflower":2,"minecraft:torch":2,"minecraft:grass_block":2,"minecraft:poppy":6,"minecraft:chest":2,"minecraft:tall_grass":7,"minecraft:oak_planks":5,"minecraft:diorite":6,"minecraft:large_fern":1,"minecraft:birch_planks":8,"minecraft:iron_ore":8,"minecraft:andesite":2,"minecraft:grass":14,"minecraft:oak_log":27,"minecraft:coal_ore":107,"minecraft:dirt":2,"minecraft:stone":37,"minecraft:oak_leaves":26},"minecraft:broken":{"minecraft:stone_pickaxe":1},"minecraft:custom":{"minecraft:interact_with_furnace":4,"minecraft:mob_kills":21,"minecraft:interact_with_crafting_table":6,"minecraft:play_one_minute":68244,"minecraft:leave_game":1,"minecraft:time_since_death":67117,"minecraft:time_since_rest":67917,"minecraft:sprint_one_cm":118777,"minecraft:damage_taken":715,"minecraft:walk_one_cm":185872,"minecraft:drop":3,"minecraft:damage_dealt":2373,"minecraft:fly_one_cm":52659,"minecraft:open_chest":6,"minecraft:crouch_one_cm":7125,"minecraft:deaths":1,"minecraft:sneak_time":3455,"minecraft:jump":460,"minecraft:walk_on_water_one_cm":2808,"minecraft:fall_one_cm":5446,"minecraft:horse_one_cm":558381},"minecraft:killed_by":{"minecraft:skeleton":1},"minecraft:killed":{"minecraft:pig":6,"minecraft:sheep":4,"minecraft:zombie":1,"minecraft:cow":9},"minecraft:used":{"minecraft:diorite":5,"minecraft:stone_sword":98,"minecraft:stone_pickaxe":131,"minecraft:oak_planks":20,"minecraft:wooden_pickaxe":34,"minecraft:torch":17,"minecraft:crafting_table":2,"minecraft:wooden_axe":19,"minecraft:stone_axe":28,"minecraft:cobblestone":10,"minecraft:furnace":1,"minecraft:cooked_porkchop":5}},"DataVersion":2586}