{"stat.pickup.minecraft.bone":1,"stat.pickup.bibliocraft.seatback5":1,"stat.useItem.minecraft.stone":52,"stat.leaveGame":5,"stat.useItem.cfm.stone_path":57,"stat.useItem.cfm.desk_oak":8,"stat.useItem.cfm.bedside_cabinet_andesite":1,"stat.jump":353,"stat.swimOneCm":2901,"stat.useItem.cfm.couch":2,"stat.climbOneCm":12275,"stat.crouchOneCm":3221,"stat.useItem.minecraft.stone_slab2":1189,"stat.useItem.minecraft.water_bucket":3,"stat.useItem.minecraft.glass":6,"stat.useItem.cfm.lamp_off":2,"stat.useItem.cfm.oven":1,"stat.pickup.minecraft.monster_egg":1,"stat.useItem.cfm.table_stone":4,"stat.flyOneCm":363539,"stat.pickup.minecraft.wheat_seeds":1,"stat.useItem.minecraft.magma":2,"stat.damageDealt":225,"stat.sleepInBed":1,"stat.timeSinceDeath":113542,"stat.useItem.cfm.modern_sliding_door":1,"stat.useItem.cfm.grand_chair_bottom":1,"stat.drop.bibliocraft.seatback5":1,"stat.walkOneCm":125646,"stat.useItem.minecraft.torch":16,"stat.useItem.cfm.stereo":1,"stat.useItem.minecraft.gravel":10,"stat.useItem.cfm.bird_bath":8,"stat.useItem.cfm.chair_spruce":2,"stat.pickup.cfm.stereo":1,"stat.useItem.cfm.ceiling_fan":1,"stat.pickup.minecraft.sapling":2,"stat.useItem.minecraft.trapdoor":2,"stat.sprintOneCm":40323,"stat.useItem.minecraft.diamond_shovel":82,"stat.useItem.cfm.computer":1,"stat.useItem.minecraft.hay_block":10,"stat.useItem.minecraft.fence":60,"stat.useItem.cfm.table_diorite":2,"stat.killEntity.Skeleton":1,"stat.useItem.cfm.tap":1,"stat.mobKills":1,"stat.useItem.cfm.freezer":3,"stat.useItem.cfm.mail_box":3,"stat.useItem.cfm.cabinet_oak":2,"stat.drop":1,"stat.playOneMinute":113542,"stat.useItem.minecraft.ladder":34,"stat.sneakTime":2491,"stat.pickup.cfm.item_cool_pack":1,"stat.diveOneCm":517}