{
  "minecraft:husbandry/balanced_diet": {
    "criteria": {
      "rotten_flesh": "2024-08-08 05:28:47 +0000"
    },
    "done": false
  },
  "minecraft:husbandry/root": {
    "criteria": {
      "consumed_item": "2024-08-08 05:28:47 +0000"
    },
    "done": true
  },
  "minecraft:adventure/root": {
    "criteria": {
      "killed_by_something": "2024-08-08 05:14:33 +0000"
    },
    "done": true
  },
  "minecraft:adventure/adventuring_time": {
    "criteria": {
      "minecraft:forest": "2024-08-08 05:03:31 +0000",
      "minecraft:wooded_hills": "2024-08-08 05:03:15 +0000",
      "minecraft:plains": "2024-08-08 05:04:54 +0000"
    },
    "done": false
  },
  "DataVersion": 2586
}