{
  "minecraft:adventure/root": {
    "criteria": {
      "killed_something": "2024-08-08 05:15:28 +0000"
    },
    "done": true
  },
  "minecraft:adventure/kill_a_mob": {
    "criteria": {
      "minecraft:zombie": "2024-08-08 05:15:28 +0000"
    },
    "done": true
  },
  "minecraft:adventure/kill_all_mobs": {
    "criteria": {
      "minecraft:zombie": "2024-08-08 05:15:28 +0000"
    },
    "done": false
  },
  "minecraft:adventure/adventuring_time": {
    "criteria": {
      "minecraft:forest": "2024-08-08 05:03:09 +0000",
      "minecraft:wooded_hills": "2024-08-07 23:25:12 +0000",
      "minecraft:plains": "2024-08-08 05:02:50 +0000"
    },
    "done": false
  },
  "DataVersion": 2586
}