{
  "minecraft:recipes/misc/charcoal": {
    "criteria": {
      "has_log": "2024-08-08 05:03:21 +0000"
    },
    "done": true
  },
  "minecraft:recipes/building_blocks/oak_planks": {
    "criteria": {
      "has_logs": "2024-08-08 05:03:21 +0000"
    },
    "done": true
  },
  "minecraft:recipes/building_blocks/oak_wood": {
    "criteria": {
      "has_log": "2024-08-08 05:03:21 +0000"
    },
    "done": true
  },
  "minecraft:adventure/adventuring_time": {
    "criteria": {
      "minecraft:forest": "2024-08-08 05:03:31 +0000",
      "minecraft:wooded_hills": "2024-08-08 05:01:34 +0000",
      "minecraft:plains": "2024-08-08 05:03:39 +0000"
    },
    "done": false
  },
  "DataVersion": 2586
}