{
  "minecraft:recipes/decorations/crafting_table": {
    "criteria": {
      "unlock_right_away": "2024-10-20 21:40:19 +0000"
    },
    "done": true
  },
  "biomesoplenty:biomesoplenty/all_biomes": {
    "criteria": {
      "highland": "2024-10-20 21:40:38 +0000",
      "aspen_glade": "2024-10-20 21:40:42 +0000",
      "seasonal_forest": "2024-10-20 21:42:43 +0000",
      "crag": "2024-10-20 21:40:21 +0000"
    },
    "done": false
  },
  "biomesoplenty:biomesoplenty/root": {
    "criteria": {
      "crag": "2024-10-20 21:40:21 +0000"
    },
    "done": true
  },
  "regions_unexplored:parent": {
    "criteria": {
      "load_in_world": "2024-10-20 21:40:21 +0000"
    },
    "done": true
  },
  "minecraft:adventure/totem_of_undying": {
    "criteria": {
      "used_totem": "2024-10-20 21:59:20 +0000"
    },
    "done": true
  },
  "DataVersion": 3465
}